A7xSV,
Aaron Gussman,
Aaron Hoffman,
Aaron (Ron) Tsui,
Abhimanyu Deora,
Adam,
Adam Bradley,
Adam J. Penn,
Ádám Lippai,
Adam Plumer,
Adam Yi,
adasilva,
Adil MOURAHI,
Aditya Bhardwaj,
Adol1111,
Adrien Boullé,
Adrien Crivelli,
Adrien Samson,
agpreynolds,
Ahsan Ayaz,
Ajay Ambre,
Akihito Tamagawa,
Alain Chautard,
alan-agius4,
alberto,
Alberto Garza,
Alberto Piras,
Alberto Santini,
Aldo Roman,
Aldo Roman Nureña,
Alec,
Alec Wiseman,
Alejandro Caravaca Puchades,
Alexander Bachmann,
Alexander Burakevych,
Alexander Ivanov,
Alexander Teplyashin,
Alexander von Weiss,
alexbyk,
Alex Castillo,
alexcastillo,
Alex Eagle,
Alexey Toksarov,
Alexey Zuev,
Alex Rickabaugh,
Alex Wolfe,
Alex Xu,
alexzuza,
Alfonso Presa,
Aliaksei Kuncevič,
Aliaksei Palkanau,
Aliaksei Urbanski,
alimemonzx,
Alison Gale,
alsami,
Alvaro Junqueira,
Alxandr,
Alyssa Nicoll,
Amadou Sall,
AMarinov,
Amit Chaurasia,
Amit Dubey,
Amit Portnoy,
ampGular,
Ana María Martínez Gómez,
Andreas Argelius,
Andreas Wissel,
Andrei Alecu,
Andrei Tserakhau,
Andrew,
Andrew Anikin,
Andrew Crites,
André Werlang,
Andrew Grekov,
Andrew Kushnir,
Andrew Lobban,
Andrew Mitchell,
Andrew Scott,
Andrew Seguin,
Andrii Nechytailov,
Andrius,
Andrus Diaz,
Andy,
Andy Blatecky,
Andy Howell,
Ankit Prajapati,
annefernandez3,
Ansel Rosenberg,
Anthony Ciccarello,
Anthony Humes,
Anthony Van de Gejuchte,
Anthony Zotti,
Antoine Cœur,
Antoine Mary,
Anton Moiseev,
Anton Strogonoff,
Anuj,
Anuj Jain,
Aravind,
aravindfz,
Ardeshir81,
Aric Thorn,
Aristeidis Bampakos,
arjunyel,
Arne Hoek,
artem-galas,
Artem Lanovyy,
Artem Petrosian,
Artur Meyster,
Arunkarthick S. R,
Arun Kumar,
Ashinze Ekene,
Ashish Patel,
Ash Kyd,
Aslan Vatsaev,
asukaleido,
Atef Ben Ali,
atscott,
Atuuh,
Austin,
Austin McDaniel,
Austin Miller,
Author Name,
Ayaz Hafiz,
ayazhafiz,
Aziz Abbas,
Balint Mero,
Barna Tóth,
Bartosz Wyporkiewicz,
Basarat Ali Syed,
BeastCode,
Ben Black,
benbot1,
Benedikt Meurer,
Ben Elliott,
Benjamin Ingberg,
Benjamin Liii,
Ben Lesh,
Bennett Hardwick,
Bernd Hacker,
Bertrand Laporte,
Bert Verhelst,
bisubus,
Blake La Pierre,
Blakenator,
bmarkov,
Bob Nystrom,
Bolek Szewczyk,
Bonnie Brennan,
Borys Semerenko,
Bo Vandersteene,
Bowen Ni,
Brad Brandhorst,
Bradford C. Smith,
Brad Green,
Bradley Heinz,
Brad Pitcher,
Brady Isom,
brandom,
brandonroberts,
Brendan Wyse,
briancherin,
Brian Douglas,
Brian Ford,
Brian Love,
Brian Michalski,
brianpchsu,
Brian Yarger,
Bruno da Silva joão,
Bruno João,
Bruno Trigueiro,
Bryce Johnson,
Bryce Kolton,
Caitlin Potter,
caleb,
cameronbriar,
Cameron Steffen,
Camille Roux,
Camilo Giraldo,
Carlos Ortiz Garcia,
Carlos Ortiz García,
Carlos Schneider,
Casey Schroeder,
Cédric Exbrayat,
Celilsemi Sam Erkiner,
cexbrayat,
Charles Lyding,
Chase,
Chau (Joe) Nguyen,
chembu,
Chirayu Krishnappa,
choeller,
Chris McKnight,
Christian Oliff,
Christoffer Noring,
Christopher Dahm,
Christoph Guttandin,
Christoph Krautz,
Chuck Jazdzewski,
chumtoadafuq,
Cindy,
Ciro Nunes,
CJ Avilla,
cjc343,
Codebacca,
codediodeio,
Cody Lundquist,
Cody-Nicholson,
Cody Schroeder,
cole-beckwith-sp,
Cole R Lawrence,
Collin Klopfenstein,
Colum Ferry,
Conner Chyung,
Connor Wyatt,
Constantin Gavrilete,
cooljeffro,
CorvusCorrax,
Cory Bateman,
coryrylan,
Cotton Hou,
coultonluke,
Courtney Pattison,
courtneypattison,
Craig,
Craig Doremus,
Craig Hutchison,
cran-cg,
crisbeto,
Cuel,
cyraid,
Cyrille Tuzi,
D3T0N8R,
Damien Cassan,
Dan Bucholtz,
Daniel,
Daniel Bunte,
danielcrisp,
Daniele Morosinotto,
Daniel Karp,
Daniel Kucal,
Daniel Leib,
Daniel Lewis BSc (Hons),
Daniel Rasmuson,
Daniel Ruf,
Daniel Sogl,
Daniel Waxweiler,
Daniel Wiehl,
Dan Lipsitt,
Danny Rademacher,
Danny Skoog,
dapperAuteur,
Daria Jung,
Dario Braun,
Dave,
David,
David Brooks,
David East,
David-Emmanuel Divernois,
David Fuka,
David Herges,
davidlsharp1,
David Pertiller,
David Purpura,
David Reher,
David Sánchez,
davidstanke,
Davy Engone,
Dawid Winiarczyk,
daydr3am,
deebloo,
Deltatiger,
Denis Omelkov,
denjamal,
dennisameling,
Denny Brown,
Derek,
Derek Van Dyke,
Derk Snijders - i3anaan,
dgrove,
Dhananjay Kumar,
Dhyey Thakore,
Diego Barahona,
Diego Juliao,
Dima Kuzmich,
Dimitri Benin,
Dimitrios Loukadakis,
Dirk Luijk,
diyews,
djy0,
Dmitriy Shekhovtsov,
Dmitry Fisenko,
Dmitry Patsura,
Dmitry Zamula,
Dmytro Kulyk,
Dmytro Yarmak,
Domas Trijonis,
Dominik Pieper,
domusofsail,
Don Denton,
Douglas Duteil,
Doug Parker,
Drew Moore,
Drummond Dawson,
dsychin,
Dustin M. Eastway,
Dylan Johnson,
Dzmitry Shylovich,
Edd Hannay,
EddyP23,
Edouard Coissy,
Ed Pelc,
Eduard,
Edy Segura,
eggers,
Elana Olson,
Elan Hasson,
elimach,
eliraneliassy,
Eli Sadoff,
Elliott Davis,
elvisbegovic,
Emanuel Hein,
Emilie Huet,
Emilio,
Emilio Martinez,
Emmanuel DEMEY,
Eneko Nieto,
Enmanuel,
Enrico Graziani,
Enzo Volkmann,
Ephraim,
Eric,
Eric Corson,
Eric Jimenez,
ericksoen,
Erick Xavier,
Eric Lee Carraway,
ericmartinezr,
Eric M. Dantas,
erictsangx,
Erik Pintar,
Ernest Galbrun,
esagawe,
Essam Al Joubori,
Esteban Gehring,
Esteban Marin,
Ethan Veres,
Eudes Petonnet-Vincent,
Evan Carroll,
evan Liu,
Evan Martin,
Eyal Cherevatzki,
Ezeikel,
Fabian,
FabianGosebrink,
Fabian Raetz,
Fabian Wiles,
Fabio Picheli,
Fahimnur Alam,
FaustmannChr,
Federico Caselli,
Felipe Batista,
Felix Itzenplitz,
Felix Lemke,
Felix Yan,
Ferdinand Malcher,
Ferhat,
FerhatE,
Filipe Silva,
FinnStutzenstein,
firrae,
fisherspy,
Florian Kinder,
Florian Knop,
Flounn,
flyyang,
Foxandxss,
Frédéric DUPERIER,
frederikprijck,
Frederik Schlemmer,
FrozenPandaz,
Fux, Etienne
gabejohnson,
Gabe Scholz,
Gabor Szekely,
GabrielBico,
Gabriel Medeiros Coelho,
Gabriel Nicolas Avellaneda,
gaohailang,
gary-b,
Gautam krishna.R,
gc,
gdi2290,
Geoff Bass,
George Kalpakas,
George Tzinos,
George Wilde,
Georgii Dolzhykov,
Georgios Kalpakas,
Georgi Parlakov,
Gerard Sans,
Gerd Jungbluth,
Gérôme Grignon,
ghetolay,
gil,
Gion Kunz,
Giorgos Bamparopoulos,
gistic-guob,
gjdev,
Grant Timmerman,
Greg Estren,
Greg Magolan,
Grégory Bataille,
Grigoriy Beziuk,
guillaumebarranco,
Guillermo Facundo Colunga,
Günter Zöchbauer,
hafiz,
Hamid,
Hamza TEI,
Hank Duan,
Hannah Howard,
Hans,
Hans Larsen,
haoRchen,
hariberry,
hariharanjv,
Harinder Singh,
Haroen Viaene,
Harry Pfleger,
Harry Terkelsen,
Harry Wolff,
hartraft,
harunurhan,
hateonion,
Haydee Rodriguez,
hdngr,
Henrique Limas,
Henry Wong,
Heo Sangmin,
Hiroto Fukui,
HiveSolution,
Hoel IRIS,
Hongbo Miao,
Hornyák Bence,
hpawe01,
Huáng Jùnliàng,
Huáng Jùnliàng,
hugoer,
Ian Riley,
Idir Ouhab Meskine,
idzark,
Igor Minar,
ijz953,
iliesaithamouda,
Ingo Bürk,
ipinak,
Isaac Brown,
Isaac Park,
Isaac Sunkes,
Issei Horie,
istiti,
Itamar,
Itay Radotzki,
ite-klass,
Ivan Gabriele,
Ivan Tham,
Ivo Gabe de Wolff,
JackySun,
Jack Twilley,
Jacob Eggers,
Jacob Foshee,
Jacob MacDonald,
Jacob Richman,
Jacob Windsor,
jaideepghosh,
Jake Garelick,
Jakub Pawlot,
James,
James Blacklock,
James Ward,
Jamie Krug,
Jamie R. Rytlewski,
Jan De Wilde,
J. Andrew Brassington,
Jane Sandberg,
Janghyun Han,
janith,
Jan Kuri,
Janne Vanhala,
Jannis Lehmann,
Jan Peer Stöcklmair,
Jason Aden,
Jason Bedard,
Jason Choi,
Jason Hodges,
Jason Jean,
Jason Kurian,
Jason Teplitz,
javatutorials2016,
Javier Revillas,
Javier Ros,
Jay Kan,
Jay Phelps,
JB Nizet,
Jeferson Duwe,
Jeff Burn,
Jeff Cross,
Jennifer Bland,
jenniferfell,
jennyraj,
Jeremy Attali,
Jeremy Elbourn,
Jeremy Wilken,
Jerome Velociter,
Jerry Gao,
Jesper Rønn-Jensen,
Jesse Palmer,
Jessy Cormier,
Jesús Rodríguez,
jhenderson2099,
JiaLiPassion,
JiaLi.Passion,
Jimmy Gong,
Jimmy Kasprzak,
JinBeom Hong,
Jinhyuk Kim,
jithil-kore,
Jithil P Ponnan,
jnizet,
Joao Dias,
João Dias,
Joe,
Joe Eames,
Joel Brewer,
Joey Perrott,
Johan CHOUQUET,
Johannes Hoppe,
John Anthony,
John Arstingstall,
John-David Dalton,
John Jelinek IV,
john li,
John Lindquist,
John Papa,
John Ralph Umandal,
John Reese,
Johnson Lin,
jolly-roger,
Jon,
Jonas Bandi,
Jónatan Núñez,
Jonathan Adamski,
Jonathan Miles,
Jonathan Pool,
Jonathan Sharpe,
Jon Gear,
Jon Grunewald,
Jon Wallsten,
Jon Walsh,
Joost de Vries,
Joost Koehoorn,
joostme,
Joost Zoellner,
Joost Zöllner,
Jordan Amman,
Jordan Nelson,
Jordan Whitfield,
Jorge Cano,
Jorge Cruz,
José Antonio Chio,
Josef Meier,
José I. Escudero,
José Nicodemos Maia Neto,
Joseph Harrison-Lim,
Josep Sayol,
José Toledo Navarro,
Josh Brown,
Josh Gerdes,
Josh Kurz,
Josh Olson,
Josh Thomas,
Joshua Colvin,
jteplitz,
Juan Camilo Giraldo Chaverra,
Judy Bogart,
Jules Kremer,
Julian Motz,
Julien Elbaz,
Julie Ralph,
Jun,
Jurgen Van de Moere,
Juri,
Juri Strumpflohner,
Justin DuJardin,
Justin James,
Justin Noel,
Justin Schwartzenberger,
Kai Röder,
Kai Ruhnau,
Kamil Myśliwiec,
Kapunahele Wong,
Kara,
Kara Erickson,
Karanveer Plaha,
Karl Seamon,
Karthik Kumar A,
Kasidit Iamthong,
Katerina Skroumpelou,
Kathy Walrath,
katryo,
Kayce Basques,
Keen Yee Liau,
keertip,
Keilla Fernandes,
Kelly Marchewa,
Kenny Schank,
Ketan Gote,
ketangote,
Kevin Cooper,
Kevin Fahy,
Kevin Huang,
Kevin-K,
Kevin Kirsche,
Kevin Merckx,
Kevin Moore,
Kevin Newman,
kevinphelps,
Kevin Villela,
Kevin Western,
Kevin Yang,
Kieran Whiteman,
Kim Burgess,
Kim Maida,
Kirankumar Sripati,
Kirils Ladovs,
Kirk Larkin,
Koala,
Konstantin Dinev,
Konstantin Shcheglov,
kristinavavrova,
Kristiyan Kostadinov,
Kristoffer Nording,
krzysztof-grzybek,
ksvitkovsky,
kurt,
kurthong,
kutyel,
kwiateusz,
Kwinten Pisman,
Kyle Liu,
laco0416,
laiso,
Lalith Polepeddi,
Lars Gyrup Brink Nielsen,
LASLEDJ,
lazarljubenovic,
Lenny,
Leo Gallucci,
Leo Globerman,
Leonardo Zizzamia,
Levente Morva,
levgaas,
Levi Zitting,
lharries,
LHearen,
Liad Idan,
likui,
Lina Lu,
Linskeyd,
liufc,
Loiane Groner,
LongYinan,
lovelangy,
lozanol,
Lucas,
Lucas Sloan,
luffySAMA,
Luis Reinoso,
luixaviles,
Luiz Machado,
Luka Pejovic,
Lukáš Matta,
Lukas Ruebbelke,
Ly-lns,
Maarten Tibau,
Maicon Wagner,
MaksPob,
Malgosia,
Manduro,
Manish Bansal,
Manohar Reddy Poreddy,
Mansour Fall,
manughub,
Marcelo Melo,
Marc Fisher,
Marc Laval,
Marco Alvarado,
Marcus Krahl,
Marek Buko,
Marius Lichtblau,
Mark Amery,
Mark Trostler,
Mark Goho,
Mark Kennedy,
Mark Levy,
Martin Belev,
Martin Hobert,
Martin Mädler,
Martin Ockovsky,
Martin Probst,
Martin Sikora,
Mashhood Rastgar,
Matan Lurey,
Mateusz Karkula,
Mathias Døhl,
Mathias Raacke,
Mathou54,
Matias Niemelä,
Matias Niemelä,
matt24ray,
Matteo Suppo,
Matt Follett,
Matt Greenland,
Matthew Harris,
Matthew Hegarty,
Matthew Hill,
Matthew Schranz,
Matthew Windwer,
Matti Järvinen,
Matt Keller,
Matt Lewis,
Matt Wheatley,
Max Belsky,
maxime-allex,
Maxime Lafarie,
Maxime Robert,
Maxim Mazurok,
Maxim Salnikov,
Max Ivanov,
Max Kramer,
maxv,
Mayur Barge,
meDavid,
Meknassih,
Meligy,
Melinda Sarnicki Bernardo,
meriturva,
mgechev,
mgiambalvo,
mgmarlow,
mhartington,
Michael De Wree,
Michael George Attard,
michaelgeorgeattard,
Michael Giambalvo,
Michael Gerber,
Michael Head,
Michael Hladky,
Michael Huang,
Michael Mrowetz,
Michael Prentice,
Michael Seemann,
Michał Gołębiowski-Owczarek,
Michał Jawulski,
miginmrs,
Miguel Angel Asencio Hurtado,
mikael,
Mikael Morlund,
Mike,
Mike Brocchi,
Mike Giambalvo,
Mike Ryan,
Mikhail Burshteyn,
Mikhail Tatsky,
Minko Gechev,
Mirco Widmer,
Miško Hevery,
mlaval,
Mohamed Hegazy,
Mohammed Salman,
Moh'd Ali,
Momin Khan,
mrmeku,
Muhammad Umair,
musicq,
musou1500,
Naomi Black,
Natalie Sidhom,
Nathan Friend,
Nathan Phillip Brink,
Nathan Walker,
nazanin1369,
Nazar Nasirzada,
nchetankumar,
Németh Tamás,
NFM,
Nicholas Hydock,
Nick Mann,
nickraphael,
Nick Tobolski,
Nick Van Dyck,
Nico de Haen,
Nico Jansen,
Nicola Sanitate,
Nikhil Sharma,
Nikita Poltoratsky,
Nikita Potapenko,
Nikita Shiryakov,
Niklas Merz,
nikz99,
Ning Xia,
nirkaufman,
Noah Medling,
Nosov Konstantin,
NothingEverHappens,
null-reference,
Nuno Arruda,
Octavian Lari,
ODAVING,
olegdunkan,
Oleg Pimenov,
Oleg Sucharevich,
Olivier Chafik,
Olivier Combe,
Omar Griffin,
onlyflix,
opensrcken,
Oscar Busk,
otodockal,
Oussama Ben Brahim,
Øystein Lygre,
Pablo Villoslada Puigcerber,
Panagiotis Koursaris,
panakour,
Pandiyan Murugan,
Panuruj Khambanonda (PK),
Pascal Fivian,
Pascal Precht,
Pascal Zwick,
Pat,
Patrice Chalin,
Patrick,
Patrick McDonald,
Patrick Roche,
Patrick Shields,
Paul A. Trzyna,
paulceli,
Paul Freedman,
Paul Gschwendtner,
paulmojicatech,
Paul Spears,
Pawel Kozlowski,
Pedro Abreu,
Pete Bacon Darwin,
Pete Boere,
Pete Mertz,
Peter Bacon Darwin,
Peter Johan Salomonsen,
Peter Mihalik,
Phaneendra,
Philip Harrison,
Philippe MARTIN,
Philippe Martin,
Philip Pham,
Phill,
Phillip Alexander,
Phil McCloghry-Laing,
Phong Huynh,
Piotr Tomiak,
Plamena Radneva,
pocketmax,
Polvista,
Potapy4,
Pouja,
Pouria Alimirzaei,
Poy Chang,
Prakal,
Prasanth Vaaheeswaran,
Prashant Andani,
Prayag Verma,
Preetham Viswanathan,
Rado Kirov,
Radoslav Kirilov,
Rae Krantz,
Rafael,
rainabba,
Raja Rama Mohan Thavalam,
Rajesh Duggal,
Rakhat Jabagin,
Randall Koutnik,
Raphaël Jamet,
Razvan Moraru,
Renan Montebelo,
René Ras,
Rene Weber,
Renovate Bot,
Reuben Wilson,
Ricardo M,
RicardoVaranda,
Richard Harrington,
Richard Kho,
Richard Lea,
Richard Sentino,
Rick Katka,
Ricky Roller,
Riley Littlefield,
riren,
Robert Ferentz,
Robert Messerle,
Roberto Simonetti,
Robert Spier,
Robert Tyree,
Rob Gregorius,
Robin Dupret,
Rob Phoenix,
Rob Richardson,
Rob Wormald,
Rodolfo Yabut,
Roland Rytz,
Romain Freydiger,
Ronen Gelman,
Roope Hakulinen,
ROOT\hariharanjv,
Ro Savage,
Roy Ling,
RudarDaman,
Rudolf Olah,
Ruslan Dzhabbarov,
Rustam,
Ryan Cavanaugh,
ryo.s,
Sachin,
Sahan Serasinghe,
sajeetharan,
Sámal Rasmussen,
Sam Blowes,
Sam Herrmann,
Sam Julien,
Sam Lin,
Sammy Jelin,
Sam Rawlins,
SamVerschueren,
Sander Elias,
Sander Vanneste,
SangKa.Z,
Santi,
Santosh Yadav,
Sarah,
sarkiroka,
Sarun Intaralawan,
Sarun Rattanasiri,
Sasidhar Vanga,
Schlemmer,
Scott Hatcher,
ScottSWu,
Scotty Waggoner,
Sebastian Dorn,
Sebastián Duque,
Sebastian Hillig,
Sebastian Müller,
dsebastien,
Sekib Omazic,
seklyza,
Sergej,
Sergej Grilborzer,
sergeome,
Sergey Koshechkin,
Sergey Nikitin,
Sergey Shevchenko,
Sergey Volynkin,
Sergio,
seunggabi,
Shahar Talmi,
Shai Reznik,
Shannon Dunn,
Sharath George M,
Sharon DiOrio,
shaul almog,
Shaun Grady,
Shavi Pathania,
Shawn Clabough,
Shefali Sinha,
Sheik Althaf,
Shibasish,
Shino Kurian,
shioyang,
Shivam_Vyas,
shlomiassaf,
Showtim3,
Shuhei Kagawa,
siddhant,
Siddharth Ajmera,
Sigmund Cherem,
Simone Bigozzi,
Simon Hürlimann (CyT),
Simon Kurtz,
Simon Ramsay,
sis0k0,
Siyao Li,
Snehal Baghel,
softchris,
songjunting,
Souvik Basu,
Srichandradeep Choudarapu,
ssreevani,
Stacy Gay,
Stanimira Vlaeva,
Stefanie Fluin,
Stefan van Groningen,
Stephan,
Stepan Suvorov,
Stephen Adams,
Stephen Cooper,
Stephen Fluin,
Stephon Harris,
Steve Dignan,
Steve Mao,
Steven Liekens,
Steve Sewell,
Stewart Rand,
stoneLeaf,
Suguru Inatomi,
sumitknoldus,
Suraj Poddar,
Surya Malladi,
swseverance,
systemallica,
Syu Kato,
tamascsaba,
Tea,
Teamop,
Ted Sander,
Tero Parviainen,
Thanesh Rajandran,
thanhpd,
thebyteman,
The Gitter Badger,
thekiba,
TheMushr00m,
Thierry Templier,
Thomas Grainger,
Thomas Henley,
Thomas Pink,
Thomas Shafer,
Tiago Temporin,
Tiep Phan,
Timar,
Tim Blair,
Tim Blasi,
Tim Consolazio,
Tim Deschryver,
Tim Ruffles,
Timur Meyster,
tinayuangao,
TinyMan,
Tobias Bosch,
Tom,
Tomáš Livora,
tomastrajan,
Tomas Veras,
Tomasz Kula,
Tom Kwong,
Tommy Odom,
Tom Schoener,
Torgeir Helgevold,
Toxicable,
trevorade,
Trevor Karjanis,
Trotyl,
Trotyl Yu,
Tsuyoshi Ito,
TwoDCube,
tycho01,
Tyler Akins,
Tzvi Melamed,
uber5001,
Uday Vunnam,
Uli Köhler,
Umair Sarfraz,
Umberto Tarantino,
unknown,
Uri Shaked,
Utsav Shah,
Vadym Yatsyuk,
Valter Júnior,
vamsivarikuti,
Vanga Sasidhar,
Vani,
Veikko Karsikko,
Veres Lajos,
Victor Berchet,
Victor Mejia,
Victor Noel,
Victor Savkin,
Vijay Menon,
vikerman,
Vikram Subramanian,
vincecampanale,
Vincent Guo,
Vincent Ogloblinsky,
Vinit Tomar,
Vito Meuli,
Vivek Ghaisas,
Vladimir Erygin,
Vladimir Moskva,
Vladislav Zarakovsky,
Vohmyanin Sergey Vasilevich,
Vojta Jina,
volshibenik,
vovchik-manko,
vsavkin,
VTHINKXIE,
Ward Bell,
Wassim Chegham,
Wei Huang,
Wei Lun,
Wenqian Guo,
Wesley Cho,
Wilgert Velinga,
Will,
Will Howell,
William Johnson,
William KOZA,
William Marques,
William Neely,
William Welling,
Will Ngo,
Will 保哥,
Wojciech Kwiatek,
WreckItRalph,
Xander Garbett,
Xapuu,
Xin Gao,
Yang Lin,
Yann Bertrand,
Yaroslav Admin,
Yegor,
Yegor Jbanov,
yerkebulan,
Yi Qi,
yjaaidi,
yjbanov,
Yuan Gao,
Yulia Tsareva,
Yun Peng,
Zach Bjornson,
Zackary Chapple,
zackarychapple,
Zaven Muradyan,
qdouble,
Zenn,
Zheng Kai,
Zhicheng Wang,
zhilich,
Zovube,
zverbeta,
执衡,
赵正阳,
陈旭10045812,
雪狼,
