Aaron Madlon-Kay,
Abhinav Mishra,
Adam Christian,
admc,
Adriano Bonat,
aelr,
ahansen1,
Akhil Lb,
Akshat Giri,
Aleksander Szmigiel,
Aleksandr Komlev,
Alex,
Alexander Bayandin,
Alexander Sorokin,
Alex Lau,
Aliaksei Piatrouski,
Ali Kia,
aluedeke,
alvillaflor,
AmitKumar5,
Andres Galindo,
Andrew,
Andrew Wason,
Anna Wyrwał,
Annnd,
Anthony Panozzo,
Antoine Cœur,
Anton Kuznetsov,
Anton Petrov,
Appium Triager,
Arne,
Arseniy Rozov,
artemryazantsev,
Arun Nat,
Astro03,
Austen,
austenke,
baba,
Babu Sekaran,
babusekaran,
Bardh Jahjaga,
Bas Broek,
Benjamin Cabanes,
Benjamin Herzig,
Bernard Kobos,
berni,
biwkf,
Bogger,
bootstraponline,
Bo Xiong,
Brian Heim,
Bruno Alassia,
BX017301,
Canhua Li,
Cass Chin,
Chi Thu Le,
Chris Kruger,
Christian Bromann,
christian-bromann,
Chris Williams,
Connor Early,
Curtis Siemens,
Daijiro Wachi,
danail-branekov,
Dan Cuellar,
Dan Dover,
Dan Doveralba,
Dan Graham,
Daniel Gempesaw,
Daniel-Graham-SL1298,
Dan Laslo-Faur,
Dan Mendoza,
dan@saucelabs.com,
Daren Desjardins,
Dave Bassan,
deadmoto,
deepak,
Deivanai Meyyappan,
Diego Molina,
Dmitry Lemeshko,
dolf,
dpgraham,
Drew Shafer,
drpy,
Dylan Cascio,
Dylan Lacey,
eComRobotics Team,
Ediz Tekok,
Ela Makiej,
Elias Nogueira,
Elysa Kohrs,
enricostano,
Eric Engelking,
Eric Millin,
Eric Plaster,
Erlend Halvorsen,
Erol Selitektay,
Ersoy TORAMAN,
espoelstra,
Estevan Hernandez,
Ethan Goldblum,
Fan Bai,
Felipe Knorr Kuhn,
Felix Angerborn,
Felix Hsu,
Felix Rodriguez,
Filipe Esperandio,
Fil Maj,
filmaj,
flyofsky,
Focus,
Gaige B Paulsen,
greenkeeper[bot],
grz0,
h3dkandi,
hannes,
Hao Wu,
Harry,
Heather Roberts,
Henry Stratmann,
HimanshuJ,
iBluHD,
Igor Pavlov,
Isaac A. Murchie,
Isaac Murchie,
James VanHorn,
Jamie Edge,
Jan Piotrowski,
Jason Carr,
Jason Chutko,
Jason Huggins,
Javier84,
Jayme Deffenbaugh,
jeremy avnet,
jeremy avnet / @brainsik,
Jeremy Kao,
JessefSpecialisterren,
jlipps,
Joe Harter,
Joe Mathes,
John Kerbawy,
John Krause,
Jonah,
Jonahss,
jonahss,
Jonah Stiennon,
Jonathan Lipps,
Jonathan Stoneman,
Josip Ćavar,
jsgithub1,
Julia,
Kai Kesselring,
Kane Montreuil,
Kazuaki MATSUO,
Kazuaki Matsuo,
Kelvin Gething,
Kevin Wang,
Khanh Do,
KiSS Concept,
Kris Borchers,
ktronic80,
labuser,
Laolu Benson,
lbunschoten,
Lee, James (ETW - WHQ)
Leo Gallucci,
Leonti Bielski,
lihuazhang,
lihua zhang,
Linda_pp,
Linzhen Xuan,
Lohit,
Louis St-Amour,
loulianpi,
lucyking,
Luke Inman-Semerau,
mansibarodia,
Mark Han,
Markyme,
Martin Seidel,
marwahaks,
Maryana Bezler,
Mathieu Sabourin,
Matthew DeTullio,
Matt Isaacs,
metaJS,
mgmanikandan87,
Michael Elderhorst,
Michael Preston,
Michael Timblin,
Michal Sarna,
midopa,
Mikrovolnovka,
moizjv,
Moiz Virani,
Mori Atsushi,
Muthu Kesavan,
Mykola Mokhnach,
navarasu,
Nic Di Noia,
Nick Fox,
Nicolas Di Noia,
Nozomi Ito,
Oleg Strizhechenko,
omireault,
Omuro,
OniOni,
osload,
Pandorym,
Parashuram,
patotskiy,
Patrick Näf,
Pavel Smolensky,
PavithraNavaneeth,
Payman Delshad,
Peter Schwarz,
Prayag Verma,
prolificcoder,
Rafael,
Rajdeep,
Ramadan.Mostafa,
Raquel Vélez,
Raza Robson,
Răzvan,
rgoldfar,
Ricki Hastings,
ritesh2689,
riteshgujral1,
ritika-mish,
rkavalap,
Robert S. Jones,
rockbot,
Romain Criton,
Ronak Patel,
Rorosha,
rorp,
Ross Rowe,
rubarb,
Ruben Gonzalez Alonso,
Rubén González Alonso,
Ryan McLoughlin,
saigovindu,
Saikat Maitra,
Sai Krishna,
saikrishna321,
Sakari Rautiainen,
sampar,
Sam Park,
Sangeetha,
Sangeetha Srinivasan,
Sankha Narayan Guria,
Santiago Suarez Ordoñez,
Satchit Haridas,
Satyajit Malugu,
Sauce Labs,
Scott Bonebrake,
Scott Dixon,
scottdixon,
Sebastian Tiedtke,
sebv,
seb vincent,
selenUser,
Sergey Belov,
sergio.barros,
Sergio Neves Barros,
Serhat Bolsu,
seveniruby,
shaikhwaseem,
Shauvik RC,
Shivam Gohel,
Shogo Ishida,
shoma,
shyam,
Simon Boudrias,
Simon Granger,
siriwit,
snevesbarros,
spearminty,
Sravan Medrapu,
Srinivasan Sekar,
Srinivas Vishnubhotla,
StanislavDonev,
Stefano Guandalini,
stephensjlee,
Steven Hazel,
Sumanth,
Swapna Chennadi,
Swordstream,
swordstream,
Tadashi Nemoto,
Tadeas Kriz,
Takeshi Kishi,
Tamimi,
tarunsujit,
tborys,
teragoon,
testerhome,
thebeardedcoderIN,
ThomasFettSauce,
Tim Wang,
t-mamith,
tokunbo,
Tomasz Wojtuń,
Tom Romano,
tonetheman,
Tracy Keeling,
Travis CI,
Travis CI User,
trixo,
TruongSinh Tran-Nguyen,
TTL,
twilly86,
Tyler Snavely,
Ulhas Deshmukh,
Umar Hansa,
Umut Uzgur,
umutuzgur,
unknown,
Usman Akeju,
Viking Den,
Vikram Ingleshwar,
vikramvi,
Vitalii Grygoruk,
vkmtse,
Vladimir Alaev,
vmaxim,
Wa Wang,
Wei Gu,
Will Brock,
William Candillon,
William Howard,
WKPlus,
xuru,
yaphatak,
Yatin Phatak,
Yuan Zhou,
Zhou,
znzn,
恒温,
汪啸,
