なつき,
719media,
Aaron,
Aaron Borden,
Aaron Cordovez,
Aarón García Hervás,
Aaron Spike,
Aaron Stacy,
Abdullah Alrasheed,
Abhijit Menon-Sen,
acidrums4,
acj,
Adam Bowen,
Adam Bowles,
Adam Conrad,
adamjacobbecker,
Adam Kolinski,
Adam Macias,
adammacias,
Adam Roben,
Adam Woodbeck,
Addy,
Ademaro,
Aditya Panchal,
Aditya Shankar,
Adrien,
Adrien Cahen,
Adrien Jarthon,
Adrien Siami,
aentan,
afholderman,
Agustin Colchado,
Ahmad Awais,
Ahmad Nassri,
ahoereth,
AJ Acevedo,
akai,
Alan Hamlett,
Alan Mooiman,
Alan Orth,
Alberto,
alberto,
Alberto Roura,
Albert Willemsen,
Alec Rust,
Aleksey Khudyakov,
Aleksey V Zapparov,
Aleksey V. Zapparov,
Alessandro Chitolina,
Alessandro Rodi,
Alexander Hjorth,
Alexander Pirsig,
Alexander Prinzhorn,
Alexander Rechsteiner,
Alexandre Magno,
Alexandr Kondrashov,
Alex Chegodaev,
Alex Dahl,
Alexey,
Alex Kalicki,
Alex Neises,
Alex Olshansky,
Alex Peattie,
Alex Shafer,
Alice Young,
al // @idest,
alienlebarge,
Allan Chau,
Allen Bargi,
Almir Sarajcic,
Ameya Pandilwar,
amid2887,
a-moses,
Amy Gori,
Amy Martin,
Anand Chowdhary,
anantoghosh,
Anatoly Kamchatnov,
AndersMad,
Anders Sahlin,
Andreas Bovens,
Andreas Cederström,
Andreas Cederström,
Andreas Jendrzey,
Andreas Schroth,
André Cruz,
Andrei Railean,
Andres Galante,
andresgalante,
Andrew,
Andrew Disley,
Andrew Homeyer,
Andrew Luca,
Andrew Murphy,
Andrew Pucci,
Andrew Saint,
Andrew S. Brown,
Andrew Scofied,
Andrew Smith,
Andrew Stilliard,
Andrew Timson,
Andrey,
Andrey Popp,
Andrii Lundiak,
andyexeter,
Andy Pickler,
Andy Trevorah,
Anirvan Chatterjee,
Anna,
Anthony Barone,
Antoine Lépée,
Anton Bershanskiy,
Anton Vlasenko,
Anuj Tomar,
An Yang,
AQNOUCH Mohammed,
Archan Luhar,
Ari Rizzitano,
Aristeides Stathopoulos,
Arnold Daniels,
Aron Woost,
Artem Belov,
Artem Kustikov,
Arthur Franco,
Artur Kwiatkowski,
Arvind S,
Ashfahan Khan,
Ashley Dawson,
asmega,
astrahov,
aTable,
Attila Dobi,
au-phiware,
Aurnik Islam,
avindra,
awebdeveloper,
Ayachii,
Bailey,
Baraa,
Baraa Hamodi,
Bardi Harborow,
Barryvdh,
Barry vd. Heuvel,
Bart Teeuwisse,
Bas Bosman,
baslr,
Bass Jobsen,
Bastien,
bcarrell,
bcullman,
Beau Smith,
béla,
Ben Alman,
Ben Boyter,
Ben Combee,
Ben Hayward,
Benjamin Dean,
Benjamin Lévêque,
Benjamin Trenkle,
Ben Newcomb,
Ben Oakes,
Ben Oberkfell,
Ben Ogle,
Ben-Russell,
Ben Vinegar,
Ben Word,
Ben Zumhagen,
Bernardo Gurgel Filho,
BigBlueHat - Web Manufacturer,
billy gates,
Billy Matthews,
Billy Vong,
Bjørn Erik Pedersen,
Blake Bengtson,
Blake Embrey,
Bobby DeSimone,
Bogdan,
Bohdan Ganicky,
boomsb,
Bootstrap's Grunt bot,
Boris Kaiser,
Boris Serdyuk,
Braden M. Kelley,
Braden Whitten,
Brad Kent,
Bradly Feeley,
Bram van Leur,
Brandon,
breaddevil,
Breno Calazans,
Brent Mulligan,
Brian Campbell,
Brian Juul Andersen,
Brian Leonard,
Brian Nelson,
Brian Ng,
Brian Surowiec,
Bruno Amaral,
Bryan Braun,
Bryan Keiren,
Bryan Petty,
Bulat Shakirzyanov,
Burak Tuyan,
burningTyger,
Caden Lovelace,
Caíque de Castro Soares da Silva,
Caleb Land,
Calvin Freitas,
Cameron Cundiff,
Cameron Little,
Can Burak Cilingir,
Capi Etheriel,
CarloMartini,
Carlo Stearns,
Carl Porth,
Cary Landholt,
Case Talbot,
Casper,
Casper Bornebusch,
Catalin Zalog,
CDAGaming,
Cecchi MacNaughton,
Cédric Aellen,
Cesidio Di Landa,
Chad Moran,
Chad Smith,
Chandan Deep,
Charles B Johnson,
Charlie Wagner,
Chirag Modi,
chocolateboy,
Chris Aniszczyk,
Chris Barr,
Chris Barry,
Chris Bell,
Chris Garcia,
Chris Gunther,
Chris Hynes,
Chris Kankiewicz,
Chris Lamb,
Chris Purssell,
Chris Rebert,
ChrisRiddell,
Chris Riddell,
Chris Rowe,
ChrissBott,
Chris Seaton,
Chris Sternal-Johnson,
Christian,
Christian Fleschhut,
Christian Nennemann,
Christian Oliff,
Christophe Coevoet,
Christopher Baker,
Christopher Canipe,
Christopher Morrissey,
Chris Wiederspan,
Chris Ziogas,
Cina S,
Cina S.,
Clark Winkelmann,
ClausH,
Clay Diffrient,
cndpzc,
Collin Donahue-Oponski,
Constantin Ross,
Corbzilla,
Corey Innis,
Corné Dorrestijn,
Cory Becker,
Craig Main,
Craig Martin,
Craig Potter,
ctalkington,
Curt Grimes,
Cyril Jouve,
Cyril Kyburz,
Cyrus Stoller,
Daijiro Wachi,
Daiki Okumura,
Dan Course,
Dan Croak,
Dan Dascalescu,
Daniel,
Daniel Bøndergaard,
Daniel Erickson,
Daniel Hoelbling,
Daniel Juhl,
Daniel Liuzzi,
Daniel Lo Nigro,
Daniel Niccoli,
Daniel Nixon,
Daniel Opitz,
Dan Kaplun,
Danny Keane,
Dan Silver,
dante2008,
DarDar,
DaSch,
Dave,
Dave DeSandro,
Dave Methvin,
Dave Poole,
Dave Wasmer,
David,
David Bailey,
David Baughman,
David Beitey,
David\ Beitey,
daviddalbusco,
David De Sloovere,
Davide Bellini,
David Haywood Smith,
David Hirtle,
david-lallement,
David Leuliette,
David Lormor,
David N,
David Nguyen,
David Richardson,
David Scherer,
David Singer,
Dean Taylor,
Deilv,
Demian Ferreiro,
Denis Gonchar,
denisname,
deniss-muhla,
denisx,
dependabot-preview[bot],
dercodercom,
Derek Kent,
Devinsuit,
Dillon Chanis,
Dionysios G. Arvanitis,
Dirk Ginader,
Divya Manian,
Dmitriy Budnik,
dmitriybudnik,
Dmytro Yarmak,
Dominic Barnes,
Dominic Watson,
Dominik Tobschall,
domq,
Donald Pipowitch,
don-spyker,
dormouse,
Doug Puchalski,
Drew Goodwin,
dumb,
Dylan Seago,
dzwillia,
Eddie Lau 3dd13,
Edd Yerburgh,
Eden,
Edgar Schnueriger,
Ed Morley,
Eduardo,
eduardo luttner,
Edward Betts,
Edwin Lin,
Einar Gangsø,
eirikb,
eiselzby,
ejain,
Elliot Evans,
Elvis Ratzlaff,
Emanuele Gaspari,
Emil Müller,
Emmanuel Bourgerie,
Emmanuel Gautier,
EngineerGio,
envolute,
Eric Baer,
Eric Nolte,
Eric Skogen,
Eric Thomas,
Erik Flowers,
Erik Michaels-Ober,
Erik van der Kolk,
Erin Brown,
Erlend Halvorsen,
Erwan Jegouzo,
Ethan Beyer,
Eugene Kopyov,
Eugenio,
Evan Meagher,
exige81,
Fabian Golle,
Fabien,
Fabrice Daugan,
faceach,
F A T,
fat,
fat-kun,
Federico Zivolo,
Felipe,
Felix Hirschfeld,
Félix Saparelli,
Feram bot,
FLOKER,
Florian Lacreuse,
Florian Pfitzer,
Florian Schlittenbauer,
Florian Weber,
Floris Verburg,
Francis Brunelle,
Francisco arenas,
François Robichet,
Franco Moya,
Fred Delrieu,
Frederick Marcoux,
Frederico Carvalho,
Fred Sauer,
freezy,
frntz,
Fumito Mizuno,
fyquah95,
Gabriele Cirulli,
Gaël Poupard,
Gaëtan Muller,
galczo5,
Gareth Adams,
Garth Bjerk,
Garvin,
Gary PEGEOT,
Gavin Cooper (work),
geedmo,
Geoffrey Tisserand,
Geoff Young,
GeoSot,
Gerald Monaco,
Geremia Taglialatela,
Gerhard,
Germán M. Bravo,
ggam,
Gianfranco Palumbo,
Gifford Nowland,
Gijs Boddeus,
gijsbotje,
Gijs Rogé,
Gil Barbara,
Giovanni Totaro,
Giovanni Totaro - aka Vanni,
Gisete Kindahl,
gitaeks,
gitname,
Giuliano Velli,
Gleb Mazovetskiy,
Godric,
Gordon Woodhull,
gps035,
Graham Conzett,
Gregory HOULLIER,
Gregory Pakosz,
Greg Raven,
Greg Roodt,
Greg Sheremeta,
Greg Tyler,
gribelu,
Guilherme Duarte,
Guillaume Gautreau,
Guillaume Smet,
Guillermo González de Agüero,
Guo Du,
Gupocca,
Gustavo Straube,
Guy Bedford,
Haley,
Han Lin Yap,
Hannu Hartikainen,
Haralan Dobrev,
Harish Gadiya,
Haukur Páll Hallvarðsson,
Hayden Bleasel,
heath3,
hebbet,
Heiko Jansen,
Heinrich Fenkart,
Helmut Granda,
Hendy Tanata,
Henning Hoefer,
Henrik N,
Henry Wong,
Henry Zhu,
Herman Schutte,
herom,
hero-m,
Herst,
Higor Araújo dos Anjos,
hillai,
Howard Cox,
Hugh Bellamy,
Ian Walter,
iatek,
Idan Cohen,
Igor Bozato,
Igor Rzegocki,
Igor Tarasov,
Ilias,
Ilya Radchenko,
in-in,
Iqbal Kabir,
Islam Sharabash,
Isma,
i.sychev,
ItaloBC,
ItsJonQ,
Iurii Kucherov,
Ivan Cheung,
Ivan Khalopik,
Ivan Kurnosov,
Ivan Malopinsky,
J2TeaM,
jackson,
jackzzjack,
Jacob,
Jacob Fike,
Jacob Müller,
Jacob Rask,
Jacob Thornton,
Jaga Santagostino,
jahanzaibsuleman07,
jak,
Jake Benilov,
Jake Buob,
Jake Spurlock,
jakubhonisek,
James Costian,
James Friend,
James Fuller,
James Holland,
James Kyle,
James Lawrence,
James Mosier,
Jamie Knight,
Jan Clarin,
Jan Karlo Dela Cruz,
Jan Panschab,
Jan-Paul Kleemans,
Jan Škrášek,
Jan Stevens,
Jan Vonka,
Jared Christensen,
Jari Jokinen,
jarstelfox,
Jason Diamond,
Jason Etcovitch,
Jason Golieb,
Jason Harbert,
Jason Korth,
Jason Millis,
Jason Nutter,
Jason Quense,
Jason Wieland,
Jaume Alemany,
Javier Eguiluz,
Javier Martinez Fernandez,
Jayanth Koushik,
Jay Pinho,
JCA122204,
j.corns,
jeanpierre,
Jeff Adams,
Jeff Froom,
Jeff Nunn,
Jeff Shen,
Jeff Tickle,
Jelle Versele,
Jenn Dodd,
jeonghwan,
Jerad Rutnam,
Jeremy Danyow,
Jeremy Denoun,
jeremydenoun,
Jeremy Jackson,
Jeremy Kratz,
Jeremy Martin,
Jeroen van Warmerdam,
Jeroen Visser,
Jerri Christiansen,
Jerry Cheung,
Jesper Strange Klitgaard Christiansen,
jess,
Jesse Hu,
Jesse Mandel,
jhr007,
Jim Frode Hoff,
Jim Jiang,
Jim Webb,
jipexu,
Jiri Pospisil,
Jitendra Vyas,
jlaswell,
Joah Gerstenberg,
João Lucas,
Jochen Berger,
jody tate,
Joel Kuzmarski,
joep.joosten@ihomer.nl,
Joey Baker,
Johan Beckers,
Johann,
Johann-S,
Johan Steen,
John Bennet Veloya,
John Galt,
John O'Nolan,
John-Philip Johansson,
John Wright,
johvik,
jonahss,
Jonas Pommerening,
Jonas Weber,
Jonathan,
Jonathan Berger,
Jonathan Camile,
Jonathan Hawkins,
Jonathan Ingram,
Jonathan Knapp,
Jonathan Maron,
Jonathan Persson,
Jonathan Sampson,
Jonathon Leight,
Jon Chretien,
Jon Schlinkert,
jonschlinkert,
Jon Stevens,
Jon Tewksbury,
Jon Wolski,
Jordan Hess,
Jørgen Borgesen,
José Francisco,
joseigor,
Joseph Price,
Josh Dague,
Joshua Anderson,
Joshua David,
Joshua Tauberer,
Joshua Wilson,
Josh Wand,
Jos Maissan,
Joyce Babu,
JPeer264,
Jqmey,
ju1ius,
Juan Carlos González Cabrero,
Juan J. Jimenez-Anca,
judetucker,
Julian Birch,
julian-hecker,
Julian Thilo,
Julien Maulny,
Julius Graakjær Grantzau,
juniorconte,
Juno_okyo,
Jurre,
Justin,
Justin Cron,
Justin Dorfman,
Justin John Mathews,
Justin Patrin,
jvitela,
Kai Dorschner,
Karel Vuong,
Karthik Viswanathan,
Kasper Bøgebjerg Pedersen,
Katherine Shaw,
Katie Zhu,
KAWACHI Takashi,
Kay.L,
Kenan Shifflett,
Ken Dale,
Ken Paulsen,
Kevin,
Kevin Attfield,
Kevin Granger,
Kevin Imig,
Kevin Ingersoll,
Kevin Jannis,
Kevin Kirsche,
Kevin Lisota,
Kevin Locke,
Kevin Martensson,
Kevin O'Connor,
Kevin P. Kucharczyk,
Kevin Ross,
Kevin Ruscoe,
Kevin Sawicki,
Kevin Suttle,
Kirill Reunov,
Kitten King,
Koen Punt,
Konstantin Kulinicenko,
KostyaTretyak,
kostyatretyak,
Kotas Vlastimil,
Kovah,
Kramb,
Kriansa,
kriansa,
Krister Kari,
Kurt MacDonald,
Kurt Maine,
kylase,
Kyle,
Kyle A. Matheny,
Kyle Robinson Young,
Lachlan Campbell,
Landrok,
Laszlo Toeroek,
Laussel LOïc,
Laussel Loïc,
lbryant,
Lech Wilczynski,
Lee Penkman,
Lefteris Psitopoulos,
Léo Andrès,
Leo Cassarani,
leonardovcid,
leshasmp,
Leslie,
Leslie Hoare,
Lewis Cowper,
LFeh,
lgdean,
Liam,
Liam Stanley,
liias,
Lim Chee Aun,
Linmiao Xu,
Lionel Erard,
Lipis,
LittleHuba,
liuyl,
Lodder,
Loic Bistuer,
Loïc Goyet,
lucaflisi,
Luca Mussi,
Lucas Banegas,
lucascono,
Luca Wehrstedt,
Luis Abreu,
Luis Aleman,
Luis Hdez,
Luis Nell,
Lukáš Doležal,
Łukasz,
Lukasz Fiszer,
Luke Bonaccorsi,
Luke Frake,
Luke Hatcher,
Luke McDonald,
Luke Noel-Storr,
Luke Page,
Luke Thomas,
m5o,
Maarten van Elsas,
Maarten Van Hoof,
Maik Schreiber,
maks feltrin,
Manoj Kumar,
Manuel Alcaraz,
Manuel Meurer,
M. Appelman,
Marat Abdullin,
Marc Chung,
Marcel Jackwerth,
Marcel Korpel,
Marcio Vicente,
marcosfreitas,
Marco Wise,
Marcus Bointon,
Marcus Molchany,
Marcus Schwab,
Mario Bonito,
Marios Zindilis,
Mark,
markau,
Mark Figueredo,
Marko Prelec,
Mark Otto,
Mark Reeder,
Mark Tareshawty,
Mark Topper,
Markus Hatvan,
Markus Maga,
marsuboss,
Martijn Cuppens,
Marti Kaljuve,
Martin Bean,
Martin Beeby,
Martin Hansen,
Martin Kolárik,
Martin Stein,
Martynas,
Matěj Kříž,
Matheus Azzi,
Matheus Rocha Vieira,
Mathias Ose,
Matias Puhakka,
Matt Eason,
Matt Hernandez,
Matthew Conlen,
Matthew Leffler,
Matthew Pennell,
Matthew Rayfield,
Matt Kantor,
Matt Morgan,
Matt Smith,
Matt Viteri,
matus,
Maurice Fonk,
Maurice Wahba,
Max,
Maxb,
Max Beatty,
Max Edmands,
Max F. Albrecht,
Maxim Andrukhovych,
Maxime Locqueville,
Maxim Kaschenko,
Maxim Pshenichnikov,
Max Kramer,
maxwellium,
mdxs,
meeque,
Mehdi HosseinZade,
meleyal,
Melinda Sarnicki Bernardo,
Melvin,
meteorlxy,
mfansler,
Michael,
Michael Cook,
Michael Fellinger,
Michael Huynh,
Michael J.,
Michael J. Ryan,
Michael Käufl,
Michael Letcher,
Michael Rotoloni,
Michael Shafrir,
Michael Silber,
Michal Zdrojewski,
Mickael Perraud,
midzer,
MietekN,
Miha Eržen,
Mikael Brevik,
Mike Cooper,
Mike Francis,
Mike Greiling,
Mike Jacobson,
Mike Pagé,
Mike Reid,
Mike Robinet,
Mike Rogers,
Mike Taylor,
Mike Vastola,
Milos Gavrilovic,
Minku Lee,
Mitchell Grice,
Mitko Georgiev,
mkroeders,
Mladen Plavsic,
mo,
Mohamad El-Husseini,
Mohammad Younes,
Mohnish Thallavajhula,
Molly White,
moodyroto,
Morgan Stone,
morishitter,
Moris Zen Pasic,
Morteza Ziyae,
Morton Fox,
Morva Kristóf,
Môshe van der Sterre,
mrasscha,
Mr_Green,
mr-july,
mrmrs,
m.seegmüller,
mspae,
Mu-An Chiou,
muzige2000,
M. Wacker,
Nabil Kadimi,
Nadan Gergeo,
naicko,
nakupanda,
namiltd,
Nano,
Natansh Verma,
Nate Eagleson,
Nathan Bridgewater,
Nathan Muir,
Nathan Woltman,
Nat Zimmermann,
Negus,
nextgenthemes,
Ng Yik Phang,
Nic,
Nicholas Westlake,
Nick,
Nick Colley,
nickg,
Nicklas Ansman Giertz,
Nick O'Donoghue,
Nick Schonning,
Nick Veys,
Nicolas Dudebout,
Nicolas Ettlin,
Nicolas Gallagher,
Nicolay Hvidsten,
NicoLB,
Nicole,
Nicole Bartelt,
Nicole Sullivan,
Niels Steenbeek,
Nik Cubrilovic,
Nikhil Dabas,
Nikita Rushmanov,
Nikolay Shebanov,
Ninir,
Nirav Sanghani,
nkav,
nkryptic,
Noah Blon,
Nuno Arruda,
obinnangini,
Octavian Damiean,
okazou,
Oliver Schmidt,
Olivier Laviale,
O'meid,
Onoshko Dan,
Ore Landau,
ORiON-,
oxlay,
Pablo Crivella,
Pamela Fox,
Panayiotis Lipiridis,
parammittal16,
Pascal Borreli,
Pascal Herbert,
Pascal Pixel,
Patrick Cameron,
patricker,
Patrick Hayes,
Patrick H. Lauke,
patrickhlauke,
PatrickJS,
Patrick Robertson,
Patrick van Hesteren,
Patrick Yeo,
Patryk Puszczyk,
Paul Irish,
Paul Kauders,
Paul McLanahan,
Paul Rose,
Paul Tyng,
Paul Vorbach,
Pavel Demyanenko,
Paweł Kuna,
Pawel Wolak,
Peder Johnsen,
Pedro Pereira,
Pere Orga,
Peshkov, Igor
Pete Hopkins,
Pete Nykänen,
Peter Blazejewicz,
Peter deHaan,
Peter Etelej,
Peter Gerdes,
Pesteves8,
Peter Wilmott,
petetnt,
Phil Freo,
Phil Hughes,
Philip Arndt,
Philip Masek,
philippm,
Phillip Alexander,
Phillip Marshall,
pickypg,
Pierre-Denis Vanduynslager,
Pierre GIRAUD,
Pierre Guilbert,
Pierre Vanduynslager,
Piotrek Okoński,
Pixelastic,
Prateek Goel,
Praveen Puglia,
Prayag Verma,
pseidemann,
psychobunny,
pthrasher,
Purwandi,
Pvanhesteren,
Quan You,
Quentin Spencer-Harper,
Quy,
Quy Ton,
QWp6t,
Raaj Trambadia,
Rafaël Blais Masson,
Rafael Corrêa Gomes,
Raffy Alcoriza,
Rahul Nawani,
Rakhat Jabagin,
Ramiro Morales,
Rami Yushuvaev,
Raphael Ackermann,
Raphael Luba,
raphaelz,
Raul Riera,
ravage84,
Ray McMahan,
Ray Villalobos,
razh,
Renault John Lecoultre,
Retroity,
rhaase,
Rhodry Korb,
Richard Beales,
Richard Kraaijenhagen,
Richard Lai,
Richard Lindner,
Richard van Laak,
rilian,
Risan Bagja Pradana,
Rishabh Rajgarhia,
RJ Regenold,
rmacklin,
Robert,
Robert Burns,
Robert Dodd,
robertgentel,
Robert Martin,
Robert McLaws,
Roberto - phproberto,
Roberto Poo,
Rob Fletcher,
Robin D'Arcy,
Robin Lewis,
Rob Ruana,
Rodrigo Castro,
Rodrigo Prado,
Rodrigo Waltenberg,
Rodrigo Willrich,
Rod Vagg,
Rogério Yokomizo,
Rohan Jain,
Rolandas Barysas,
Roland Warmerdam,
Roman O,
Rory O’Kane,
Ross Allen,
Ross Johnson,
Ross Laird,
Ross Nye,
Rouven Weßling,
Rowan-James Tran,
Roy Klutman,
Rplus,
Ruben Stolk,
Rudger Gravestein,
ruedap,
Rufo Sanchez,
Russell Beye,
Rustin Wollin,
Rutger Laurman,
Ryan Burnett,
Ryan Cleary,
Ryan Pavlik,
Ryan Worth,
Rychu,
sabruss,
saiwang,
Sajad Torkamani,
Salman Javed,
Sam A. Horvath-Hunt,
Sam Blowes,
Sam Bowler,
Sam Carlton,
Sam Duvall,
samme,
Sammy Larbi,
Sam Rapaport,
Sam Roth,
Sam Soffes,
Sam Tape,
Sander Melnikov,
sankage,
saranya.r,
schwastek,
Scott Gauthreaux,
Scott Gonyea,
Scott Petrovic,
Scott Plumlee,
Scott Watermasysk,
Sean,
Sean Beyer,
Sean Dwyer,
Sean Jones,
Sebastiaan Nijland,
Sebastian Hädrich,
Sebastian Klatte,
Sebastian Nowicki,
Sebastian Podjasek,
Sébastien Santoro,
semenyakNik,
sergej2705,
Sergey Kovalenko,
Sergio Pantoja,
Serhan Apaydın,
Seth Broweleit,
Seth Faxon,
Seth Lilly,
Sezer Esen,
sgamel,
Shane Parsons,
Sharrell Porter,
Shaun Dychko,
Shawn Price,
Shohei Yoshida,
Siarhei Khilko,
Sibiraj,
Sid,
Sid Roberts,
Siecje,
Silumesii Maboshe,
Simon,
Simon Bächler,
Simon Boudrias,
Simon Charette,
simonihmig,
Simon Knox,
Simon Pai,
Simon Podlipsky,
Sindre Sorhus,
SKmedix,
Slavi Pantaleev,
Soheil Behnezhad,
Sojaner,
sophiegit,
soundarapandian,
Spencer Davies,
SpicyDwarf,
Starsam80,
Stefan Neculai,
Stefan Staynov,
Stefan Sundin,
Stefan Wrobel,
Steffen Roßkamp,
Stepan Zastupov,
Stephan Groß,
Stephanie Kendall,
Stephanie Purvis,
Stephen Beemsterboer,
Stephen Edgar,
Stephen Puiszis,
Stephen Rees-Carter,
Steve Faulkner,
Steve Moser,
Steven Bassett,
Steven Black,
Steve Purcell,
Steve S,
stoudenmire,
sts-ryan-holton,
Stuart P. Bentley,
Suleman Chikhalia,
Sunny Dhoke,
Supergibbs,
Svyatoslav Polishchuk,
Swaagie,
swaincreates,
Swardu,
syed,
Synchro,
Tadeu Zagallo,
Takayama Fumihiko,
Tanguy Krotoff,
Tanmay Gupta,
TannerNMO,
Tarsis Azevedo,
Taufek Johar,
Taylor Poulos,
Ted Kesgar,
Teo Dell'Amico,
Thanos Lefteris,
The Big Red Geek,
Theodore Dubois,
Theriault,
thgh,
Thierry Goettelmann,
Thomas Coleman,
Thomas McDonald,
Thomas P. Horton,
Thomas Schaller,
Thomas Shinnick,
Thomas Welton,
thomaswelton,
thr3-arendt,
Tieson Trowbridge,
tillmon,
Timothy Gu,
TJ,
TJ Rana,
Tobias,
Tobias Lindig,
tobz,
Tomás Arribas,
Tomáš Kout,
Tom Byrer,
tomByrer,
tomhorvat,
Tom Lutzenberger,
Tommy Kelly,
Tom Pietschker,
Tom Scholz,
Tom Swirly,
Tom Van Rompaey,
Tony Narlock,
Topsitemakers,
Torsten Baldes,
toshimaru,
tracyjordan,
Travesty3,
Trent Clowater,
Trent Steel,
Troy Morehouse,
Troy Murray,
tu4mo,
Tunghsiao Liu,
Tyler Cipriani,
Ufuk Avcu,
unaccomplished,
UTCWebDev,
UTGuy,
Valentin Alexiev,
Valentine Abanosimov,
Valera Rozuvan,
VarelloThemes,
Varunram,
Varunram Ganesh,
Vasilii Artemchuk,
Vasily Artemchuk,
Vic,
Vicary Archangel,
Vickash Mahabir,
Vignesh Nandha Kumar,
Vinay Raghu,
Vincent 4J,
Vincent Chan,
Vincent Langlet,
Vincent Le Put,
Vishnuprasad Venugopal,
Vitalii Nagara,
Vohmyanin Sergey Vasilevich,
vsn4ik,
Vytas,
Waldson Moura,
wangsai,
wangshishuo,
Waynn Lue,
Wesley Overdijk,
Weslly Honorato,
Weston Platter,
westurner,
William Franceschine,
William Ghelfi,
William Oliveira,
Wing,
wojtask9,
Wolfgang Goedel,
wolfika,
wolfy1339,
Won Song,
Xavier Gallardo,
xcatliu,
XhmikosR,
yang,
Yannick Warnier,
Yohn,
ysds,
Yuan Yiyang,
Yulong Liu,
yury,
Zac Echola,
Zachary Welch,
Zach Leatherman,
Zac Wasielewski,
Zearin,
Zeno Rocha,
zhangbao,
Zhipeng Liu,
zhongwei99,
Zlatan Vasović,
Zulfiqar Ali,
سید مرتضی موسوی,
Дмитро Будник,
Иван Жеков,
文翼,
汪磊,
