김용재,
Adam Schlag,
Alex Lykesas,
Ameir Al-Zoubi,
Antti Laitala,
Arnaud Boudou,
Baptiste Sansierra,
Bruno Oliveira,
Bryan Caragay,
Clément Beffa,
codetriage-readme-bot,
Denis Martin,
emcphersonburke,
giantramen,
hatunike,
hemangshah,
Ilya Laryionau,
JayT,
Jeremiah Njoroge,
Jess,
Josh Stern,
JTAppleCalendar,
Kamin, Grant
Keisuke Kawamura,
Konstantin Zabelin,
Kyle Conway,
leighroybrown,
Lory Huz,
Manu Garcia Urreta,
Marcus Gollnick,
MARTIN Denis,
Martin Moizard,
Mateusz S,
Matous Michalik,
Mayur,
M. Porooshani,
nadyapost,
Nicolas Vincensini,
Niraj Kadam,
patchthecode,
Ricardo Pramana Suranta,
Ryan Hughes,
Sarp Güney Başaraner,
Sibcat,
Simon Blum,
Simon Kapl,
Thomas Durand,
Thomas Fromont,
Tom Izaks,
Yaroslav Yaremenko,
ziruozimi,
