0verk1ll,
about-code,
AbubakerB,
Adam Freidin,
Adam Postma,
Adi Dahiya,
AdityaDaflapurkar,
Adnan Chowdhury,
Adrian Leonhard,
Adrien Gibrat,
Ahmad Farid,
Ajay Poshak,
Alan Agius,
Alan Pierce,
Alessandro Vergani,
Alexader,
Alexander,
Alexander Rusakov,
Alexander T,
Alex Chugaev,
Alex Eagle,
Alex Khomchenko,
Alex Ryan,
Ali Sabzevari,
Aluan Haddad,
amaksimovich2,
Anatoly Ressin,
Anders Hejlsberg,
András Parditka,
Andrej Baran,
Andre Sutherland,
Andrew,
Andrew Branch,
Andrew Casey,
Andrew Faulkner,
Andrew Ochsner,
Andrew Stegmaier,
Andrew Z Allen,
Andrey Roenko,
Andrii Dieiev,
Andy Hanson,
andy-ms,
Anil Anar,
Anix,
Anton Khlynovskiy,
Anton Tolmachev,
Anubha Mathur,
AnyhowStep,
Armando Aguirre,
Arnaud Tournier,
Arnavion,
Arpad Borsos,
Artem Tyurin,
Arthur Ozga,
Asad Saeeduddin,
Austin Cummings,
Aziz Khambati,
basarat,
Basarat Ali Syed,
Ben Duffield,
Benedikt Meurer,
Benjamin Bock,
Benjamin Lichtman,
Ben Lichtman,
Ben Mosher,
Benny Neugebauer,
Bill Ticehurst,
Blaine Bublitz,
Blake Embrey,
bluelovers,
bootstraponline,
Bowden Kelly,
Brandon Banks,
Brandon Slade,
Brendan Kenny,
Brett Mayen,
Brian Terlson,
Bryan Forbes,
Caitlin Potter,
Caleb Sander,
Cameron Taggart,
cedvdb,
Charles Pierce,
Charly POLY,
chico,
ChrisBubernak,
Chris Bubernak,
Chris Patterson,
christian,
Christophe Vidal,
Chuck Jazdzewski,
Clay Miller,
Colby Russell,
Colin Snover,
Collins Abitekaniza,
Connor Clark,
Cotton Hou,
csigs,
CyrusNajmabadi,
Dafrok,
Daiki Nishikawa,
Dan Corder,
Dan Freeman,
dangoo,
Daniel,
Daniel Imms,
Daniel Król,
Daniel Krom,
Daniel Rosenwasser,
Dan Quirk,
Dan Rollo,
David Li,
David Sheldrick,
David Sherret,
David Souther,
David Staheli,
Denis Nedelyaev,
Derek P Sifford,
Dhruv Rajvanshi,
Dick van den Brink,
Diogo Franco (Kovensky),
Dirk Baeumer,
Dirk Holtwick,
DLehenbauer,
Dmitrijs Minajevs,
Dom Chen,
Donald Pipowitch,
Doug Ilijev,
dreamran43@gmail.com,
e-cloud,
EcoleKeine,
Eddie Jaoude,
Edward Thomson,
EECOLOR,
Eli Barzilay,
Elizabeth Dinella,
Ely Alamillo,
Eric Grube,
erictsangx,
Erik Edrosa,
Erik McClenney,
Esakki Raj,
Ethan Resnick,
Ethan Rubio,
Eugene Timokhov,
Evan Cahill,
Evan Martin,
Evan Sebastian,
ExE Boss,
Eyas,
Fabian Cook,
falsandtru,
Filipe Silva,
flowmemo,
Forbes Lindesay,
Francois Hendriks,
Francois Wouts,
Frank Wallis,
František Žiačik,
Frederico Bittencourt,
fullheightcoding,
Gabe Moothart,
Gabriela Araujo Britto,
Gabriela Britto,
Gabriel Isenberg,
gb714us,
gcnew,
gdh1995,
Gilad Peleg,
Godfrey Chan,
Gorka Hernández Estomba,
Graeme Wicksted,
Guillaume Salles,
Guy Bedford,
Halasi Tamás,
Harald Niesche,
Hendrik Liebau,
Henry Mercer,
Herrington Darkholme,
Hoang Pham,
Holger Jeromin,
Homa Wong,
Iain Monro,
IdeaHunter,
IgorNovozhilov,
Igor Oleinikov,
Ika,
iliashkolyar,
IllusionMH,
impinball,
Ingvar Stepanyan,
ispedals,
Ivan Enderlin,
Ivo Gabe de Wolff,
Iwata Hidetaka,
Jack Bates,
Jack Williams,
Jake Boone,
Jakub Młokosiewicz,
James Henry,
James Keane,
James Whitney,
Jan Melcher,
Jason Freeman,
Jason Jarrett,
Jason Killian,
Jason Ramsay,
JBerger,
jbondc,
Jed Mao,
Jeffrey Morlan,
Jeff Wilcox,
Jesse Schalken,
Jesse Trinity,
Jing Ma,
Joe Calzaretta,
Joe Chung,
Joel Day,
Joey Watts,
Johannes Rieken,
John Doe,
John Vilk,
Jonathan Park,
Jonathan Toland,
Jonathan Turner,
Jordan Harband,
Jordi Oliveras Rovira,
Joscha Feth,
Joseph Wunderlich,
Josh Abernathy,
Josh Goldberg,
Josh Kalderimis,
Josh Soref,
Juan Luis Boya García,
Julian Williams,
Justin Bay,
Justin Johansson,
jwbay,
Kagami Sascha Rosylight,
Kanchalai Tanglertsampan,
Kārlis Gaņģis,
karthikkp,
Kate Miháliková,
Keen Yee Liau,
Keith Mashinter,
Ken703,
Ken Howard,
Kevin Donnelly,
Kevin Gibbons,
Kevin Lang,
Khải,
kimamula,
kingwl,
Kitson Kelly,
Klaus Meinhardt,
kpreisser,
Kris Zyp,
krk,
kujon,
Kyle Kelley,
laoxiong,
Leon Aves,
Limon Monte,
Lorant Pinter,
Lucien Greathouse,
Luka Hartwig,
Lukas Elmer,
Maarten Sijm,
Magnus Hiie,
Magnus Kulke,
Manish Bansal,
MANISH-GIRI,
Marcus Noble,
Marius Schulz,
Markus Johnsson,
Markus Wolf,
Martin,
Martin Hiller,
Martin Johns,
Martin Probst,
Martin Vseticka,
Martyn Janes,
Mateusz Burzyński,
Matt,
Matt Bierner,
Matthew Aynalem,
Matthew Miller,
Mattias Buelens,
Matt McCutchen,
Matt Mitchell,
Max Deepfield,
Max Heiber,
Maxwell Paul Brickner,
meyer,
Micah Zoltu,
micbou,
Michael,
Michael Crane,
Michael Henderson,
Michael Tamm,
Michael Tang,
Michal Przybys,
micnic,
mihailik,
Mikhail Busyrev,
Mike Morearty,
milkisevil,
Milosz Piechocki,
Mine Starks,
Mine Yalcinalp Starks,
Minh Nguyen,
Mohamed Hegazy,
Mohsen Azimi,
Mukesh Prasad,
Myles Megyesi,
Nathan Day,
Nathan Fenner,
Nathan Shively-Sanders,
Nathan Yee,
ncoley,
Nicholas Yang,
Nima Zahedi,
Noah Chen,
Noel Varanda,
Noel Yoo,
Noj Vek,
nrcoley,
Nuno Arruda,
Oleksandr Chekhovskyi,
Omer Sheikh,
Orta,
Orta Therox,
Oskar Grunning,
Oskar Segersva¨rd,
Oussama Ben Brahim,
Ozair Patel,
Patrick McCartney,
Paul Koerbitz,
Paul van Brenk,
pcan,
pcbro,
Pedro Maltez,
Pete Bacon Darwin,
Peter Burns,
Peter Šándor,
Philip Pesca,
Philippe Voinov,
Pi Lanningham,
piloopin,
Pranav Senthilnathan,
Prateek Goel,
Prateek Nayak,
Prayag Verma,
Priyantha Lankapura,
progre,
Punya Biswal,
r7kamura,
Rado Kirov,
rbuckton,
rChaser53,
rdosanjh,
Reiner Dolp,
Remo H. Jansen,
rflorian,
rhysd,
Rhys van der Waerden,
Ricardo N Feliciano,
Richard Karmazín,
Richard Knoll,
Roger Spratley,
Ron Buckton,
Rostislav Galimsky,
Rowan Wyborn,
rpgeeganage,
Ruwan Pradeep Geeganage,
Ryan Cavanaugh,
Ryan Clarke,
Ryohei Ikegami,
Salisbury, Tom
Sam Bostock,
Sam Drugan,
Sam El-Husseini,
Sam Lanning,
Sangmin Lee,
Sanket Mishra,
Sarangan Rajamanickam,
Sasha Joseph,
Schmavery,
Sean Barag,
Sebastien Arod,
Sergey Shandar,
Sergey Tychinin,
Sergii Bezliudnyi,
Sergio Baidon,
Sharon Rolel,
Sheetal Nandi,
Shengping Zhong,
shyyko.serhiy@gmail.com,
Siddharth Singh,
Simon Hürlimann,
sisisin,
Slawomir Sadziak,
Solal Pirelli,
Soo Jae Hwang,
Stanislav Iliev,
Stanislav Sysoev,
Stan Thomas,
Stas Vilchik,
Stephan Ginthör,
Steve Lucco,
Steven,
Sudheesh Singanamalla,
Suhas,
Suhas Deshpande,
superkd37,
t_,
T18970237136,
Tan Li Hau,
Tapan Prakash,
Taras Mankovski,
Tarik,
Tetsuharu OHZEKI,
The Gitter Badger,
Thomas den Hollander,
Thorsten Ball,
Tien Nguyen,
Tim Lancina,
Tim Perry,
Tim Schaub,
Tim Suchanek,
Tim Viiding-Spader,
Tingan Ho,
tinza123,
Titian Cernicova-Dragomir,
tkondo,
tobisek,
ToddThomson,
togru,
Tom J,
Torben Fitschen,
TravCav,
Troy Tae,
TruongSinh Tran-Nguyen,
Tycho Grouwstra,
Tyler Jones,
TypeScript Bot,
typescript-bot,
uhyo,
unknown,
v2m,
Vadi Taslim,
Vakhurin Sergey,
Valera Rozuvan,
vilicvane,
Vimal Raghubir,
Vladimir Kurchatkin,
Vladimir Matsveyeu,
Vladimir Matveev,
vvakame,
Vyacheslav Pukhanov,
Wenlu Wang,
Wesley Wigham,
Wes Souza,
William Orr,
Wilson Hobbs,
xiaofa,
xl1,
Yang Cao,
yaoyao,
York Yao,
yortus,
Yoshiki Shibukawa,
Yuichi Nukiyama,
Yuval Greenfield,
Yuya Tanaka,
Z,
Zeeshan Ahmed,
Zen,
Zev Spitz,
zhengbli,
Zhengbo Li,
zhongsp,
Zixiang Li,
(´・ω・｀),
王文璐,
阿卡琳,
