Aaron Boushley,
Ad1B3nAr0ya,
Adam Bjerstedt,
Adrian Lynch,
Adrianna,
aha-oretama,
Ahmad Bamieh,
AleksandrHorev,
Alexander Abashkin,
Alexander Biryukov,
Alexander Guinness,
Alexey Rybakov,
Alexis Gauthiez,
Alfonso Presa,
Algram,
aliking,
alincode,
Allison MacMillan,
amarnathk1547,
Amila Welihinda,
Amitaibu,
Amiya Pattanaik,
amyjen,
Anatoliy Ostapenko,
Anders D. Johnson,
André,
Andreas Klöber,
Andrei Dzeichyk,
Andrejs Cunskis,
Andrew Price,
Andrew Stewart Gibson,
Andrew Tate,
Andrey Lazebniy,
AndreyYevtukhov,
Andrii Lazebnyi,
Andrii Shumada,
Andy Edwards,
Andy Schulz,
Ángel Sanz,
Angie Semler,
anhhh.11,
anjana-sundaram,
anneloreegger,
Annemarie,
Anthony Atkinson,
Anthony Barone,
Anthony Davis,
Anton Kuznetsov,
Anton Usmansky,
Arbaaz,
archonandrewhunt,
Arie Milner,
Arjan Blok,
Arman,
Artem,
artur-michalak,
austek-mdsol,
Ayoola Abimbola,
balukov,
Bartek Kustra,
Bartek Polanczyk,
Bart Smets,
Baruch Velez,
beauwalls1,
B.E. Henriksen,
Ben,
Ben Calegari,
Ben Ifie,
Benjamin Eidelman,
Benjamin Forehand Jr,
Benjamin Nortier,
Bennie Swart,
Bernhard K. Weisshuhn,
BlindedByCode,
BlueRaja,
Boris Osipov,
Boris Serdiuk,
Brandon Wanamaker,
Branton Horsley,
Brendan Dahl,
Brian Broll,
Bronsen,
Bruno Torquato,
Bryan Kane,
butlersrepos,
Çağdaş Tülek,
Cam Cope,
Camilo Tapia,
camilo tapia,
carlos-gva,
Charlie Stanard,
chelsea,
Chris Oelmueller,
Chris Price,
christian-bromann,
Christian Leutloff,
clara-udofa,
Claudia Hardman,
Clint Goodman,
Colin Bendell,
Colston Rutledge, Jr
compulim,
Connor Bratten,
consstantin3,
csoete,
Dale Fukami,
Dale Nguyen,
Dan Dascalescu,
Dan Graham,
Daniel Gil,
Daniel Wabyick,
Daniel Yang,
Dan Jenkins,
Danny,
Danny Guo,
dan@saucelabs.com,
Daphne Magsby,
Da Rod,
Dave Taylor,
David Adams,
David Broder-Rodgers,
David Catalan,
David Cochrum,
David Gilbertson,
David Hale,
David Linse,
David M. Lentz,
David Nekovář,
Davis,
deepakvstavant,
Denis Gorbachev,
Derek Allred,
Devin Morgenstern,
Dhyey Thakore,
Dmitry Sorin,
Dmytro Shpakovskyi,
Domenico Gemoli,
Dominik Moritz,
dpm3354,
drjasonharrison,
dsh,
Duc Le,
DudaGod,
Duncan Standish,
Dustin,
Dylan Lacey,
Dylson,
Ebbe Brandstrup,
Eben Bitonte,
Eduard-iCH,
Edvin,
Eli Flanagan,
Eli Robinson,
Elmar Athmer,
emilbryggare,
emilyrohrbough,
Emmerson Siqueira,
enrique.daimiel,
Enrique Gonzalez,
Enrique Paredes,
Eric Heikes,
Eric Lee Carraway,
Eric Lewis,
Erik Blomqvist,
Erwan de FERRIERES,
Erwin Heitzman,
erwinheitzman,
Esref Durna,
Evan Giordanella,
Everett Griffiths,
Evgeni Kostadinov,
Evgeniy Lukoyanov,
Ewan Harris,
Eyal Zekaria,
facug,
FeL,
Filipe Araujo,
finelord,
Finn Ellis,
Flaise,
Flavio Formoso,
Florent Berthelot,
flunderpero,
Francis Reyes,
François Martin,
fufnf,
Gabriel Nicolas Avellaneda,
Gareth Leonard,
Garry Yao,
Gaspar Rey,
Gavin Samuels,
Gennadii,
George Crawford,
Gilad-WT,
goatsy,
Graham Nessler,
gramgit,
greenkeeper[bot],
Hani,
Haritha Hari,
Harris Borawski,
hassan,
Henrik Andersson,
Henry Zhu,
Hubert Jagodziński,
Hugo Lopes,
Ian Renauld,
Igor Soarez,
İlker Göktuğ Öztürk,
Isac Lagerblad,
Ivan Poddubny,
Jacob Wright,
Jakub Olek,
Jakub Žitný,
James M. Greene,
James Spence,
Jan Dolezal,
jankcat,
Jan Koritak,
Jan Vennemann,
Jaroslav Kubíček,
Jason,
Jason Kohles,
Jason Walton,
Jason Whittle,
Javier Candeira,
Jay Chen,
Jens Schulze,
Jeremy Polley,
Jerome Etienne,
jharrowmortelliti,
Jim Davis,
Jimmy Huynh,
Jochen,
Joe,
Joe Helfrich,
Joe Marty,
Joe Pettersson,
Johannes Nickel,
johnathafelix,
John Hewson,
John McLaughlin,
John Resig,
John Robinson,
John Scaglione,
Jonas Aschenbrenner,
Jonathan Fielding,
Jonathan Lipps,
Jonathan Pool,
jonathan terry,
Jonathan Xi,
Jon Hoguet,
Jon Wood,
Joscha Feth,
Josh Cypher,
Josh Ferge,
Joshua Lacey,
Joshua Ochakovsky,
Joshua Toenyes,
Josiah Roberts,
jterry,
Juga Paazmaya,
Julie Pagano,
junketjim,
just-boris,
Justin Gorinsky,
Kareem Golaub,
Karen,
Karol Janyst,
Kaveet Laxmidas,
Kelly Selden,
Kenji Miwa,
Kenshiro Nakagawa,
Kentaro Kaji,
Kevin Hoff,
Kevin Lamping,
Kevin McDonnell,
Kevin Roulleau,
Kevin Sawicki,
Khalifah Shabazz,
Khanh Do,
KillChaos,
Kimek,
Kirill,
Kirill Shatskiy,
Koen François,
Konrad,
Kris Biszta,
kulke,
Kurt Harriger,
Kyle Martin,
kyle shay,
lamkovod,
Laran Evans,
Laura Hunter,
LA Watts,
Leander Rodrigues,
Lee Newson,
Levi Thomason,
lewisf,
lisss,
Loren,
Luigi Leung,
Luiz Eduardo Martins,
Lukáš Linhart,
Łukasz Gandecki,
Luka Zakrajšek,
Macy Abbey,
majaklajic,
Maks Nemisj,
Marcel Blijleven,
Marc Kassay,
Marco de Jongh,
Marco Faustinelli Muzietto,
Marc Thomas,
marekj,
Mario Casciaro,
Marius OLAR,
Marius Rugan,
Mark DiMarco,
Marketionist,
Marthinus Engelbrecht,
Martijn Dijkhuizen,
martijngoos,
Martin Hansen,
Martti Laine,
Mason Du,
Mathias Schaefer (molily),
Mathias Schäfer,
Matija Marohnić,
mattc41190,
matteonovelli,
Matteo Vesprini-Heidrich,
MatthewBurstein,
Mattias Ekstrand,
Mauricio Giacomello,
Maxim Dukhanov,
Maximilian Antoni,
Meet Mangukiya,
Micah Godbolt,
Michael Herold,
Michael Jones,
Michael Silveira,
Michael Wuergler,
Michaux Kelley,
Mickaël Andrieu,
mikeapr4,
Mike Hemesath,
Mike Nason,
mikesalvia,
Mike-T-Mitchell,
Mikhail Davydov,
Mikhail Korepanov,
Minkyu Cho,
Mohammad Asif,
Mohan Kumar Selvaraj,
molsson,
MooYeol Prescott Lee,
MortenGregersen,
Morten Gregersen,
mqli,
Mykola Grybyk,
Naidele,
Nami Varthakavi,
Nancy Heiss,
Navmed,
Nguyễn Nhật Hoàng,
Nicholas Bailey,
Nicholas Dobie,
Nick,
Nick Brady,
Nicky Out,
Nico Borchert,
Nikita Pankratov,
Nikolas Addison,
Nils Petersohn,
Norbert Sienkiewicz,
Olan Byrne,
Oleg Seletsky,
Oleksii,
Oliver Arend,
Oliver Switzer,
Olivier Beaulieu,
Ondrej Huta,
Ori Efrati,
pako88,
Patrick Debois,
patthiel,
Paul Vincent Beigang,
Pavel Karoukin,
pazone,
Peter Jaros,
Peter Mouland,
Phil Hazelton,
Philipp Zormeier,
Piotr,
Piper Chester,
Pippo Raimondi,
pplambeck,
Pranjal Raihan,
Priyanka Kumari,
Przemysław Dąbek,
Pshenkin Andrey,
psimyn,
ptthuong,
Punit Gupta,
Qiao,
Quang Van,
Radomir Wojtera,
Rahul Srivastava,
Raj Vasikarla,
Ray Dai,
RayWasHere,
Remek Ambroziak,
rhayashida,
Ricardo Barbosa,
Richard Leap,
Richard Silverton,
richmond998999,
Rick Yakubowski,
Risto Stevcev,
Robert Jakubowicz,
Robert Kranz,
Rob Howell,
Robin Franken,
Roman,
Roman Faizullin,
Roman Ovseitsev,
romovs,
rostik404,
Rostislav Katin,
Roy Sutton,
ruanyl,
Ruslan Login,
Ryan Mahler,
rycornell,
Sakari Jokinen,
Sam Joch,
Samuel,
SanthoshBonala,
sat,
Saul Shanabrook,
Sava Sertov,
sbmaxx,
Schultz,Konrad
schutt,
Scott Falkingham,
Sebastian Tschan,
Sébastien David,
Sergei Khoma,
Sergey Korol,
Seth Merrick,
sgryt,
sherlock1982,
Shmavon Gazanchyan,
Shridhar Kalagi,
Simon Basset,
Simon StJG,
Simon Tsvilik,
Simon Wilson,
Siva,
sixsixtrample,
smarkows,
spreston,
ssnau,
Stefan Grönke,
Stéphane Rouges,
StephenABoyd,
Stephen Schutt,
Stephen Wan,
Steven Noble,
Sunny Hirai,
Tadashi Nemoto,
Tally Barak,
Tarjei Huse,
Templum,
TestingBot,
Theodore J Huff,
Thibaut Etienne,
Thomas Gratier,
Tim Beyer,
Tim Brust,
Tim De Pauw,
Tim Watkins,
Tobias Lidskog,
Tobias von Klipstein,
Tomas Gonzalez,
Tom Howard,
Tommy Chen,
Tom Regner,
Torgeir Lorange Østby,
tormozz48,
Torrance Davenport,
tschuliiia,
Tsutomu Kawamura,
Tu Huynh,
twilczek,
Tyler Johnson,
Unichron,
Uri Goldstein,
Vadim,
Vadim Ivanov,
Van,
Van Le,
Varun Dua,
venkatshukla,
Vicenzo Naves,
vincebowdren,
Vincento89,
Vincent Tunru,
Vincent Voyer,
Vitalii Grygoruk,
vvo,
Vyacheslav Slinko,
Walter Hector Lijo,
Warley Gabriel,
wcainboundary,
Will Brock,
William T Luce,
Will Meldon,
Willson Haw,
Wim Selles,
wingsbob,
Wouter Broekhof,
W. van Kuipers,
wvankuipers,
Xu Cao,
Yannick Huard,
Yann Verreault,
Yasser Rachid,
Yevgeny Petukhov,
Yohei Kishimoto,
ysono,
Yuncong Zhang,
Zach Lym,
Zearin,
Željko Filipin,
zhangs,
Ziko Rajabali,
Zolmeister,
