0x6875790d0a,
Adam Jacques,
adriancole,
Adrian Gonzalez,
Alex Vandiver,
Andrea Cosentino,
Andreas Savvides,
Andreas Stührk,
Andrew Mezentzev,
Andrew Olson,
Andrey Falko,
Anuraag Agrawal,
Ariel Salomon,
Arthur Gautier,
Auke van Leeuwen,
Bas van Beek,
bmdhacks,
Brian Degenhardt,
Brian Devins-Suresh,
cburroughs,
Chang Su,
Chris Burroughs,
Christian Schneider,
cyberdak,
Dan Grabowski,
Daniel Chia,
Daniele,
Daniele Rolando,
danielkwinsor,
Danny George,
Dave Benjamin,
Dave Syer,
David Schlosnagle,
ddavydov,
Denys Kurylenko,
Dmitry Prokopchenkov,
Dustin Spicuzza,
eirslett,
Elliott,
Elliott Neil Clark,
Emir Beganović,
Eric Hauser,
fedj,
fgcui,
Franklin Hu,
Frank Yi,
Garcia Florian,
Gard Rimestad,
Gary Donovan,
Gerald Quintana,
Gérald QUINTANA,
Gianluca Arbezzano,
Giannis Neokleous,
goblingame,
gsta-cloudins,
Haochen Tong,
Ho Yan Leung,
hyangtack,
Igor,
Igor Suhorukov,
Isaac Sukin,
Jakub Háva,
jamescway,
James Way,
Jared Wong,
Jason Bulicek,
Jeanneret Pierre-Hugues,
Jeff Beck,
Jeff Smick,
Jerry Li,
Joakim Rishaug,
joel-airspring,
Johan Mjönes,
Johan Oskarsson,
Jordi Polo,
Jordi Polo Carres,
Jorge Quilcate Otoya,
Jorg Heymans,
José Carlos Chávez,
Jose Luis,
Jove Yu,
Julien Feltesse,
jway,
Koji Lin,
Kristian Klette,
Kristof Adriaenssens,
lambcode,
Lance Linder,
Laurent Goujon,
Linlin Fu,
linlinfu,
Logic-32,
Marc Rosen,
Mario Zagar,
Mathias Bogaert,
Mattia Barbon,
Matt Landis,
mck,
Michael Wall,
mikewrighton,
Mindaugas Kairys,
Moses Nakamura,
mrglaucus,
mzagar,
Narayanan Arunachalam,
Neil Stevenson,
Nikhil Sharma,
Nik Shkrob,
Nithin,M
Naoman Abbas,
Oliver Gould,
Oliver V. Gould,
Patrick Ellis,
Paul Caporn,
Pawel Szymczyk,
Philipp Krenn,
Pierre-Hugues Jeanneret,
Prateek Agarwal,
Prithvi Raj,
Radu Brumariu,
Raja Sundaram,
Raja Sundaram Ganesan,
Ralf,
Rich Unger,
Roshan Revankar,
R. Tyler Croy,
Ryan Rupp,
Sam Rijs,
Sarah Brown,
Sarah Haskins,
ScienJus,
Semyon Slepov,
Sergei Egorov,
Seth Pellegrino,
sethp-jive,
Sílvia Mur Blanch,
Srdan Srepfler,
Stepan Vavra,
Steve Gury,
Steven Parkes,
Stu Hood,
Suman Karumuri,
Surya P,
Sveinn Fannar,
synk,
tacigar,
Theo Schlossnagle,
Tim Daly, Jr
TJW,
Tomasz Biczel,
Tommy Ludwig,
Tony Dong,
Toshiaki Maki,
Travis Brown,
Twitter, Inc
Vadim Chelyshov,
veeramarni,
Viktor Taranenko,
xuanhuy-do,
Yannick Schutz,
Yukinari Toyota,
Yuri Shkuro,
zeagord,
zipkinci,
Zoltán Nagy,
