あまみや ゆうこ,,
Aaron Bieber,,
Aaron Bockover,,
Aaron Havens,,
Aaron Oneal,,
Aaron Robinson,,
Aaron R Robinson,,
Aaron Schiff,,
Aaron Weber,,
Abdurrahman Köken,,
adahn,,
Adam Brengesjö,,
Adam Friedman,,
Adam Ralph,,
Adam Sitnik,,
Adam Treat,,
Adam Williams,,
Adeel,,
adiaaida,,
Aditya Mandaleeka,,
Afsaneh Rafighi,,
Ahson Ahmed Khan,,
Ahson Khan,,
ahsonkhan,,
Alan McGovern,,
Alan Tam,,
Alcaro,,
Ale Contenti,,
Alejandro Sánchez Acosta,,
Aleksey Demakov,,
Aleksey Kliger,,
Aleksey Kliger (λgeek),,
Aleksey Ryabchuk,,
AlekseyTs,,
Aleksey Tsingauz,,
Alex,,
Alexander Gusarov,,
Alexander Jesner,,
Alexander Klyubin,,
Alexander Köplinger,,
Alexander Köplinger,,
Alexander Kozlenko,,
Alexander Kyte,,
Alexander Radchenko,,
Alexander Soldatov,,
Alexander Speshilov,,
Alexander Vostres,,
Alexandre Mutel,,
Alexandre Pigolkine,,
Alexandr Nikitin,,
Alex Corrado,,
AlexGhiondea,,
Alex Ghiondea,,
alexghiondea,,
Alex Graveley,,
Alexis Christoforides,,
Alex J Lennon,,
Alex Panov,,
Alex Perovich,,
Alex Recker,,
Alex Rønne Petersen,,
alexrp,,
Alex Sorokoletov,,
_aLfa_,,
Alfredo Menendez Sancho,,
AlfredoMS,,
Alfred White,,
Alistair Bush,,
Alistair Leslie-Hughes,,
alkurian,,
Allan Hsu,,
alperovi,,
alphonsekurian,,
Alp Toker,,
Alvaro del Castillo,,
amccague,,
Amy,,
Amy Qiu,,
Amy Yu,,
Anders,,
Anders Jensen-Waud,,
Anders Wenhaug,,
andi9310,,
Andi McClure,,
Andi McClure ext:(%22),,
Andon Andonov,,
Andrea Canciani,,
Andrea Francesco Iuorio,,
Andrea Martinelli,,
Andreas Färber,,
Andreas Fredriksson,,
Andreas N,,
Andreas Strid,,
Andreia Gaita,,
Andres G. Aragoneses,,
Andrés G. Aragoneses,,
Andrew,,
Andrew Arnott,,
Andrew Au,,
Andrew Birkett,,
Andrew Eikum,,
Andrew Jorgensen,,
Andrew Karpov,,
Andrew Peters,,
Andrew Schwartzmeyer,,
Andrew Skiba,,
Andrew Stanton-Nurse,,
Andrey Akinshin,,
Andrey Kvochko,,
Andy Ayers,,
Andy Gocke,,
Andy Hanson,,
Angelo Compagnucci,,
Anipik,,
Anirudh Agnihotry,,
Ankit Jain,,
Ankit Sinha,,
Anthony Langsworth,,
Anton Firszov,,
Anton Lapounov,,
Anubhav Saini,,
Anubhav Srivastava,,
anurse,,
Arina Itkes,,
Armando C. Dutra,,
Arthur Vickers,,
Ashley Mannix,,
Ashley Winters,,
Atsushi Eno,,
atsushieno,,
AtsushiKan,,
Atsushi Kanamori,,
Aurojit Panda,,
Austin Wise,,
awinters-fvs,,
Axel Heer,,
axelheer,,
AxlPr,,
Ayende Rahien,,
Bar Arnon,,
Bart De Smet,,
Bart J.F. De Smet,,
bartonjs,,
ben_a_adams,,
Ben Adams,,
Ben Bader,,
Ben Boeckel,,
Ben Gribaudo,,
Bengu Li,,
Benjamin Hodgson,,
Ben Maurer,,
Ben Monroe,,
Ben Pye,,
Ben Woods,,
Bernhard Urban,,
Bernhard Urban-Forster,,
Bernie Schoch,,
Bernie Solomon,,
Bill Holmes,,
Bill Seurer,,
Bill Wert,,
Bin Du,,
Bjarke Istrup Pedersen,,
bjjones,,
blackdwarf,,
Blanche,,
Bob Smith,,
BogdanovKirill,,
Bojan Rajkovic,,
Boris Kirzner,,
bpschoch,,
Brad Robinson,,
Brahmnes Fung,,
Brandon,,
Brandon Bloom,,
BrennanConroy,,
Bret Ambrose,,
Brezae Vlad,,
Brian Bohe,,
briangru,,
Brian O'Neill,,
Brian Robbins,,
Brian Sullivan,,
Bruce Bowyer-Smyth,,
Bruce Forstall,,
Bruno Rodrigues,,
Bryan,,
Bryan Arant,,
Bryan P. Arant,,
Bryan Thornbury,,
BrzVlad,,
buyaa-n,,
Buyaa Namnan,,
Buyduck,,
Caesar Chen,,
Cagri,,
Cagri Aslan,,
Caio Cesar Saldanha Maia Orejuela Kinelski,,
Calvin,,
Calvin Buckley,,
Carlos Alberto Cortez,,
Carlos Guzmán Álvarez,,
Carlos Sanchez Lopez,,
carlossanlop,,
Carol Eidt,,
Cedric Vivier,,
Cesar Blum Silveira,,
César Natarén,,
Cesar Soares Lucas,,
Chad Nedzlek,,
Chamila Chulatunga,,
Charles Iliya Krempeaux,,
Charles Lowell,,
Charles Stoner,,
Charlie Root,,
Chase Miller,,
chcosta,,
Cheena Malhotra,,
Chema Celorio,,
cheridy,,
cherusker,,
Cheryl Simmons,,
chlowell,,
Chris,,
Chris Bacon,,
Chris Bohm,,
Chris J. Breisch,,
Chris McKinsey,,
Chris R,,
Chris Ross,,
Chris Rummel,,
Christian Hergert,,
Christian Jacobsen,,
Christopher Ball,,
Christopher Costa,,
Christopher Currens,,
Christopher James Halse Rogers,,
Christopher Podurgiel,,
Chris Toshok,,
christos-P,,
chuckm911,,
Chuck Mitchell,,
Chuck Ries,,
chunseoklee,,
chunseok lee,,
C.J. Adams-Collier,,
Clockwork-Muse,,
cmp,,
cod7alex,,
Cory Nelson,,
Cory Rivera,,
costahome,,
Craig Minihan,,
Craig S. Bosma,,
Cristian Pop,,
Csaba Halasz,,
ct,,
cydhaselton,,
dagood,,
Damien Diederen,,
Daniel Drake,,
Daniel Harvey,,
Daniel Morgan,,
Daniel Nauck,,
Daniel Paoliello,,
Daniel Plaisted,,
Daniel Podder,,
Daniel Qiu,,
Daniel Quirk,,
Daniel Roth,,
Daniel Stodden,,
Daniel Trebbien,,
Daniel Weber,,
Dan Lewis,,
danmose,,
Dan Moseley,,
dan moseley,,
danmosemsft,,
Dan Seefeldt,,
dasMulli,,
Dave Curylo,,
David Cantu,,
David Fowler,,
David Guyonvarch,,
David Karlaš,,
David Karlaš,,
David Kean,,
David Mason,,
David Mitchell,,
David Sheldon,,
David Sherret,,
David Shulman,,
David Straw,,
David Waite,,
David Wright,,
David Wrighton,,
Davis Goodin,,
DDCloud,,
Dean Brettle,,
Debayan Ghosh,,
Deepak Shankargouda,,
Denis Istomin,,
"Dennis ""D.C."" Dietrich",,
Derek Gray,,
Dick Porter,,
Dick van den Brink,,
Diego Perez Botero,,
Diego Sevilla Ruiz,,
Dietmar Maurer,,
Dimitar Dimitrov,,
DionYe,,
Dmitri Botcharnikov,,
Dmitry Kakurin,,
Dmitry-Me,,
Dmitry Turin,,
Dmitry Vakylenko,,
dnickless,,
dobe,,
Dolphin Hawkins,,
Dongyun Jin,,
dotnet-bot,,
dotnet-maestro-bot,,
Drawaes,,
drawaes,,
Drew DeVault,,
Drew Scoggins,,
Driele Neves Ribeiro,,
dseefeld,,
Duane Wandless,,
Duarte Nunes,,
dudes-come,,
Duncan Mak,,
Dustin Campbell,,
Dylan Borg,,
Eberhard Beilharz,,
Eddie Hedges,,
Eduardo Garcia Cebollero,,
Edward Kim,,
eerhardt,,
EgorBo,,
Egor Bogatov,,
Egor Chesakov,,
Eirik Tsarpalis,,
Eldar Dordzhiev,,
Eli Arbel,,
Elijah Taylor,,
Elinor Fung,,
Emmanuel,,
Eric Eilebrecht,,
Eric Erhardt,,
Eric Mellino,,
ericstj,,
Eric StJohn,,
Eric St. John,,
Erik Dasque,,
Erik Schierboom,,
Erwin Janssen,,
Etienne CHAMPETIER,,
Eugene,,
Eugene Rozenfeld,,
Eugene Zemtsov,,
Everaldo Canuto,,
Evgeny Mandrikov,,
Evgeny Pavlov,,
Eyal Alalouf,,
factormystic,,
Fadi Hanna,,
fadimounir,,
Faizur Rahman,,
FAREAST\v-lijiay,,
Fei,,
Fei Peng,,
Felipe Fujiy Pessoto,,
Felipe Pessoto,,
Filip Lundgren,,
Filip Navara,,
Fitzchak Yitzchaki,,
Frank M,,
Frédéric Ringenbach,,
Frederik Carlier,,
Fred Silberberg,,
Gabriel,,
Galaktionov_v,,
Ganesh Ranganathan,,
Gareth Thomas,,
Garrett Rooney,,
Gary Coulbourne,,
Gaurav Khanna,,
Gaurav Khanna (CLR),,
Gaurav Vaish,,
Gene Lee,,
Geoff Kizer,,
geoffkizer,,
Geoff Norton,,
George Sapkin,,
Gerald Scott Freeman,,
Gerardo García Peña,,
Gerardo Hurtado Lozano,,
Gerjan,,
Gert Driesen,,
Geunsik Lim,,
Giorgi Dalakishvili,,
gitchomik,,
GitHub,,
giuliohome,,
gkhanna79,,
Gleb Balykov,,
Gonzalo Paniagua Javier,,
Gopal Adhikari,,
Govert van Drimmelen,,
Govind Sahai,,
Gregg Miskelly,,
Greg Najda,,
Greg Young,,
Grzegorz Rożniecki,,
Guclu Ozturk,,
Guillermo Rangel,,
Gustavo Hurovich,,
Hadi Brais,,
Hanjoung Lee,,
Hannah Zhang,,
Hans Wolff,,
Heather,,
Hector E. Gomez Morales,,
helloguo,,
Hemanth Kapila,,
Henric Müller,,
Henry Baba-Weiss,,
Hongtao Yu,,
Huangli Wu,,
huanwu,,
huanwu@microsoft.com,,
Hugh Bellamy,,
Hyeongseok Oh,,
Hyung-Kyu Choi,,
i59,,
Iain,,
iain holmes,,
Iain Lane,,
Iain McCoy,,
Ian Hays,,
Igor Kulaychuk,,
Igor Zelmanovich,,
ikopylov,,
Ilia K,,
Ilya Biryukov,,
Ilya Ivanov,,
imcarolwang,,
Immo Landwerth,,
Imran Hameed,,
INADA Naoki,,
INSOLUTIONS\NorbertR,,
Ioana Crant,,
iSazonov,,
Ivan David Diaz Sanchez,,
Ivan Diaz Sanchez,,
Ivan Maidanski,,
Jacek Blaszczynski,,
Jack Pappas,,
Jackson Harper,,
jacobcarpenter,,
Jaime Anguiano Olarra,,
Jakob Botsch Nielsen,,
Jambunathan K,,
James Bellinger,,
James Ko,,
James-Ko,,
James Lanng,,
James Venning,,
James Willcox,,
Jan Henke,,
Jan Kotas,,
Jan Vorlicek,,
Jared Parsons,,
jarenduan,,
Jarret Shook,,
jashoo,,
jashook,,
Jason Lin,,
Jason Pang,,
jasonwilliams200OK,,
jasonwilliams200ok,,
jasonwoods-7,,
Jason Young,,
Jason Zhekov,,
Jay Krell,,
jaykrell,,
Jay Simmons,,
jbe2277,,
jbeisner,,
Jb Evain,,
jbevain,,
jbhensley,,
jbuisson,,
Jean-Marc Andre,,
Jean-Michel Perraud,,
JeffCyr,,
Jeff Foster,,
Jeffrey Stedfast,,
Jeff Schwartz,,
JeffSchwMSFT,,
Jérémie Galarneau,,
Jeremie Laval,,
Jérémie Laval,,
Jeremy Barton,,
Jeremy Koritzinsky,,
Jeremy Kuhne,,
Jeroen Frijters,,
Jeroen Janssen,,
Jerome Laban,,
Jérôme Laban,,
Jerri Maine,,
Jesper Larsen-Ledet,,
Jiang Zeng (Pactera Technologies Inc),,
Jiayi Yu,,
Jim Carley,,
jimparsley,,
Jim Richardson,,
Jingyu,,
Jiyoung Yun,,
jnm2,,
João Matos,,
Joao Matos,,
João Matos,,
Joel Basson,,
Joel Hendrix,,
Joel Reed,,
Joel Verhagen,,
Joerg Rosenkranz,,
Joe Shaw,,
Joe Tremblay,,
Johan Lorensson,,
Johannes Roith,,
John Barnette,,
John Beisner,,
John Bottenberg,,
John Chen,,
JohnChen0,,
John Chen (CLR),,
John Chen (JOCHEN7),,
John Cunningham,,
John Doe,,
John Luke,,
John Merryweather Cooper,,
John Salem,,
jonas,,
Jonathan Chambers,,
Jonathan Miller,,
Jonathan Pobst,,
Jonathan Pryor,,
Jonathan Taylor,,
Jonathon Rossi,,
joncham,,
Jon Fortescue,,
Jonghyun Park,,
Jon Hanna,,
Jon Miller,,
Jon Purdy,,
Jordi Mas i Hernandez,,
Jose Perez Rodriguez,,
Joseph Lennox,,
Joseph Tremoulet,,
Joseph Woodward,,
José Rivero,,
Josh DuBois,,
joshfree,,
Jo Shields,,
Josh Peterson,,
Joshua Tauberer,,
Josh Varty,,
Jostein KjÃ¸nigsen,,
Jostein Kjonigsen,,
Jostein Kjønigsen,,
juanam,,
Juan Carlos Aguilera Mendez,,
Juan Hoyos,,
Juan  Sebastian Hoyos Ayala,,
Juan Sebastian Hoyos Ayala,,
Jude Melancon,,
Juergen Hoetzel,,
Julien Couvreur,,
Juli Mallett,,
Juraj Skripsky,,
Justin Cormack,,
Justin Emgarten,,
Justin Van Patten,,
Kamal Aboul-Hosn,,
Kamil Rytarowski,,
Kamil Skalski,,
Kamran Ayub,,
kapilash,,
karajas,,
Karel Zikmund,,
Karthik Rajasekaran,,
Kasey Uhlenhuth,,
kasper3,,
Kasper F. Brandt,,
Katelyn Gadd,,
Keerat Singh,,
Kelly,,
Kelly Washington,,
Kenneth Pouncey,,
Kevin David,,
Kevin Gosse,,
Kevin Jones,,
Kevin Mullins,,
Kevin Pilch-Bisson,,
Khoa Dang,,
KISHIMOTO, Makoto,
kkurni,,
Knagis,,
Koha Dang,,
Konrad M. Kruczynski,,
Konstantin Baladurin,,
Konstantin Triger,,
Kornel Pal,,
Kornél Pál,,
KostaVlev,,
Koundinya Veluri,,
Kristian Rietveld,,
krixalis,,
krk,,
KrzysztofCwalina,,
Krzysztof Cwalina,,
Krzysztof Wicher,,
Kshama Pawar,,
Kurniawan Kurniawan,,
Kwang Yul Seo,,
Kyungwoo Lee,,
lajones,,
Lakshmi Priya,,
Lakshmi Priya Sekar,,
Lance Hepler,,
Larry Ewing,,
LaSombra,,
lateralusX,,
Layomi Akinrinade,,
Leandro A. F. Pereira,,
Leandro Pereira,,
Lee Coward,,
Lee Culver,,
Lee Mallabone,,
Leonid Shalupov,,
leppie,,
Levi Bard,,
Levi Broderick,,
Linquize,,
Lioncash,,
Li Tian,,
Liudmila Molkova,,
Livar Cunha,,
Llewellyn Pritchard,,
Lluis Sanchez,,
louluqun,,
Lubomir Litchev,,
Luca,,
Lucas Meijer,,
Ludovic Henry,,
Lukasz,,
Lukasz Tomczyk,,
Lukasz Wolanin,,
luqunl,,
Luqun Lou,,
Mackenzie Straight,,
Mads Pultz,,
Maks Naumov,,
Maksym Rozborskyi,,
Malte Hildingson,,
Manu,,
Manuel Pfemeter,,
Maoni0,,
Maoni Stephens,,
Marcel Gosselin,,
Marc Gravell,,
Marcin Badurowicz,,
Marcin Cieslak,,
Marcin Juraszek,,
Marcin Szczepanski,,
Marc Kohaupt,,
Marco Ridoni,,
MarcoRossignoli,,
Marco Rossignoli,,
Marcos Henrich,,
Marek Habersack,,
Marek Linka,,
Marek Safar,,
Marek Sieradzki,,
margaretho,,
Mariana Rios Flores,,
maririos,,
Marius Ungureanu,,
Mark Crichton,,
Mark Hurd,,
Mark Mason,,
MarkPflug,,
Mark Probst,,
Markus Beth,,
Mark Wilkie,,
Marqin,,
Martijn Hoekstra,,
Martin Baulig,,
martincostello,,
Martin Midtgaard,,
Martin Potter,,
Martin Weindel,,
Martin Willemoes Hansen,,
Maryam Ariyan,,
Massimiliano Mantione,,
Master T,,
mateoatr,,
Mateusz Hołenko,,
Mathieu Malaterre,,
Matt,,
Matt Burke,,
Matt Cohn,,
Matt Connew,,
Matt Ellis,,
Matt Galbraith,,
Matthew Parkinson,,
Matthew Whilden,,
Matthias Mailänder,,
Matt Johnson,,
Matt Kimball,,
Matt Mitchell,,
Mauricio Faria de Oliveira,,
Maxim Lipnin,,
Max Kerr,,
Maxwe11,,
mdh1418,,
Mert,,
mhutch,,
Michael Adelson,,
Michael Aird,,
Michael Barker,,
Michael Hutchinson,,
Michael Lambert,,
Michael Meeks,,
Michael Pavlyshko,,
MichaelSimons,,
Michael Simons,,
Michal Strehovský,,
Michelle McDaniel,,
miguel,,
Miguel de Icaza,,
Mihai Codoban,,
Miha Zupan,,
mike,,
Mike Danes,,
Mike Kestner,,
mikem8361,,
Mike McLaughlin,,
Mike Morano,,
Mike Popoloski,,
Mike Rousos,,
Mike Shaver,,
Mikhael Skvortsov,,
Mikhail I. Krivtsov,,
Mikhail Pilin,,
Mikhail Skvortcov,,
Mikhail Skvortsov,,
Mili (Yi) Zhang,,
Mircea Trofin,,
mirhagk,,
Mirth Hickford,,
mjsabby,,
mlacouture,,
mogemimi,,
monojenkins,,
moozzyk,,
Morgan Brown,,
Mort Yao,,
mrieker@nii.net,,
msftbot[bot],,
Mukul Sabharwal,,
MyungJoo Ham,,
naamunds,,
Nadia,,
Narinder CLAIRE,,
Natalia Glagoleva,,
Nate Amundson,,
Nate McMaster,,
Nate Slottow,,
Nathan Ricci,,
Neale,,
Neale Ferguson,,
Nick Drochak,,
Nick Guerrera,,
Nick Zigarovich,,
Nicolas Deslandes,,
Nicolas Raoul,,
Nico Weber,,
Nikita Nuka,,
Niklas Therning,,
Nikola Milosavljevic,,
Nikolay Igotti,,
Nikolay Sivov,,
njy,,
NN,,
Noah Falk,,
noahfalk,,
Noam Lampert,,
nobody,,
NODA, Kai,
ntr,,
Ole A. Sjo Fasting,,
Omair Majid,,
OmariO,,
Omari Omarov,,
Omar Tawfik,,
Oren Novotny,,
Pablo Ruiz Garcia,,
Page-Not-Found,,
Pallavi Taneja,,
Pankaj Gode,,
Paolo Molaro,,
Parker Shelton,,
Pascal Borreli,,
Pat Gavlin,,
Patrick Lambert,,
Patrick McDonald,,
Patrik Svensson,,
Patrik Torstensson,,
Paul Gofman,,
Paul Harrington,,
paulnice,,
Paulo Janotti,,
Pavel Krymets,,
Pavel Labovich,,
Pavel Pochobut,,
Pedro Abelleira Seco,,
Pedro Martínez Juliá,,
Pekka Enberg,,
Pent Ploompuu,,
per202,,
Per Arneng,,
Peter,,
Peter Dennis Bartok,,
Peter Foley,,
Peter Jas,,
Peter Kukol,,
Peter Marcu,,
Petermarcu,,
Peter Monks,,
Peter Williams,,
Petr Bred,,
Petr Onderka,,
Phil Garcia,,
Philip Van Hoof,,
Pierre Arnaud,,
Piers Haken,,
PiotrP,,
piotrp,,
Piotr Puszkiewicz,,
P. Jass,,
pnewhook,,
Prajwal A N,,
Pranav K,,
Prashanth Govindarajan,,
Prem Ramanathan,,
ProgramFOX,,
pteich,,
qizhanMS,,
Rachel Hestilow,,
Radek Doulik,,
Rafael Rivera,,
Rafael Teixeira,,
Rafid K. Abdullah,,
ragmani,,
rahul,,
Rahul Kumar,,
Rainer Sigwald,,
Rajan Singh,,
Raja R Harinath,,
Rakesh Ranjan Singh,,
Rakesh Singh,,
Rama,,
RAMA KRISHNAN RAGHUPATHY,,
Rama Krishnan Raghupathy,,
Rama krishnan Raghupathy,,
ramarag,,
Ravi Eda,,
Ravi Pratap M,,
rcabr,,
Reggie Burnett,,
Remco Ros,,
rhadley,,
rhapsodyn,,
Ricardo Arenas,,
richamsft,,
Richard Lander,,
Richard L Ford,,
Richa Verma,,
Rich Lander,,
Rion Williams,,
Ritvik Mayank,,
Robert Anderson,,
Robert Jordan,,
Robert Matusewicz,,
Robert Nagy,,
Robin Neatherway,,
Rob Relyea,,
RobSiklos,,
Rob Wilkens,,
Rodrigo Kumpera,,
Rodrigo Moya,,
Rohit Agrawal,,
Rolf Bjarne Kvinge,,
Romain Tartière,,
Roman Artemev,,
Roman Pavlov,,
Ron Cain,,
Rony Batista,,
Root,,
root,,
rozm,,
Ruben Ayrapetyan,,
Rumesh Eranga,,
Russell C Hadley,,
Russell Gray,,
Russell Hadley,,
Russ Keldorph,,
Rusty Howell,,
Ryan Byington,,
Ryan Lucia,,
Sachin Kumar,,
SaeHie Park,,
safern,,
Sam Harwell,,
Sam Patel,,
Sandy Armstrong,,
Santiago Fernandez,,
Santiago Fernandez Madero,,
Sasha Semennikov,,
Saurabh Singh,,
schellap,,
scorpion,,
Scott Blomquist,,
Scott Freeman,,
Scott Harwell,,
Scott Thomas,,
sdridi,,
Sean Gillespie,,
Sean MacIsaac,,
Sebastian,,
Sebastien Pouliot,,
SedarG,,
Sedar Gokbulut,,
Sejong OH,,
Sejong Oh,,
Senthil,,
Sepideh Khoshnood,,
SepidehMS,,
sepidehMS,,
Sergei Ognerubov,,
Sergei Vorobev,,
Sergey Andreenko,,
Sergey Chaban,,
Sergey Ignatov,,
Sergey.Raevskiy,,
sergey-raevskiy,,
Sergiy Kuryata,,
Seth Jackson,,
SGuy Ge,,
sguyge,,
shahid-pk,,
Shahriar Gholami,,
Shaun Wilde,,
Shawn Hargreaves,,
Shay Rojansky,,
Shiming Ge,,
Shiming Ge (Pactera Technologies),,
shimingsg,,
Shin Mao,,
Shmueli Englard,,
Shruti Garg,,
shrutigarg,,
Simon Nattress,,
Sinan Kaya,,
Sivarv,,
sivarv,,
sjsujinkim,,
sjsujin.kim,,
Smile Wei,,
Spencer Stephens,,
Sridhar Periyasamy,,
stakx,,
Stanislav Ushakov,,
stefan,,
Steffen Kieß,,
Stephen A. Imhoff,,
Stephen Bonikowsky,,
Stephen Cleary,,
Stephen Shaw,,
Stephen Toub,,
stephentoub,,
Steve Desmond,,
Steve Franceschelli,,
Steve Harter,,
steveharter,,
Steve MacLean,,
Steve MacLean, Qualcomm Datacenter Technologies Inc,
Steve MacLean, Qualcomm Datacenter Technologies, Inc
Steven Das,,
Steven Engelhardt,,
Steven Kirbach,,
Steve Pfister,,
stone-li,,
stukselbax,,
Sung-Jae Lee,,
Sung Yoon Whang,,
SunnyWar,,
Sureshkumar T,,
Sven Boemer,,
Svetoslav Karasev,,
Swaroop Sridhar,,
Tak,,
TalAloni,,
Tanner Gooding,,
Tarek Mahmoud Sayed,,
Tarek mahmoud Sayed,,
Tarekm Mahmoud Sayed,,
Tarikul Sabbir,,
taylorjonl,,
Taylor Southwick,,
tdupont750,,
TEPW,,
tgiphil,,
Thays Grazia,,
thaystg,,
theCrispy,,
The Mono Buildbot,,
Thomas Goldstein,,
Thomas Neidhart,,
Thomas Petazzoni,,
Thomas Stringer,,
tijoytk,,
tijoytom,,
Tijoy Tom Kalathiparambil,,
Tim Coleman,,
Tim Haynes,,
Timotheus Pokorra,,
tintoy,,
Tlakaelel Ceja,,
t-nichik,,
Todd Berman,,
Tomas,,
Tomas Matousek,,
Tomáš Matoušek,,
Tomáš Rylek,,
Tomas Weinfurt,,
Tom Deseyn,,
Tom Hindle,,
Tom McDonald,,
Tom Philpot,,
Tom Van Looy,,
Toni Petrina,,
Tony Narlock,,
Toxa,,
Travis Querec,,
Trent Raymond,,
tritao,,
triton,,
Troy Dai,,
ts2do,,
Tuomas Hietanen,,
Tuomas Kuosmanen,,
TylerBrinkley,,
Tyler Brinkley,,
Ubuntu,,
Ufuk Hacıoğulları,,
Ungureanu Marius,,
unknown,,
Uri Simchoni,,
Urs C. Muff,,
vagrant,,
Val Menn,,
Vancem,,
Vance Morrison,,
vargaz,,
Vedin,,
Veerapuram Varadhan,,
Venkata Sivaramakrishna Ramadugu,,
Venkatraman Mahalingam,,
Veronica De Santis,,
Viacheslav Ivanov,,
Viacheslav Nikolaev,,
Victor Nate Graf,,
Victor Vatamanescu,,
Vijay Kota,,
Viktor,,
Viktor Hofer,,
Ville Palo,,
Vincent Povirk,,
Virgile Bello,,
Vitek Karas,,
vitek-karas,,
Vivek Mishra,,
vkairys,,
V Kaluzhny,,
v-kaywon,,
vkvenkat,,
Vlad Brezae,,
Vladimir Kargov,,
Vladimir Kazakov,,
Vladimir Krasnov,,
Vladimir Sadov,,
Vladimir Vukicevic,,
Vlad Riscutia,,
v-lijiay,,
VSadov,,
vsadov,,
vvaradhan,,
Wade Berrier,,
Wade Wegner,,
WeiHeCN,,
Wes Haggard,,
wfurt,,
Will Dean,,
William Godbe,,
William Holmes,,
William Kent,,
William Li,,
WinCPP,,
Wonyoung Choi,,
Wraith2,,
wtgodbe,,
xhoogland,,
Xing Mao,,
xkahn,,
Xy Ziemba,,
Yaakov,,
yfakariya,,
Ying Peng,,
Yi Zhang,,
Yi Zhang (CLR),,
Yongseop Kim,,
Youp Hulsebos,,
Your Name,,
Yufei Huang,,
Yuriy Solodkyyy,,
Zac Bowling,,
Zach Montoya,,
zhangkaizhao,,
Zhenlan Wang,,
Zhicheng Zhu,,
Zlatko Knezevic,,
Zoltan Varga,,
