=,
4lexvav,
aakimov,
Aapo Kiiso,
abarua17,
Abrar pathan,
a.chorniy,
Adam Paterson,
adamzero1,
Adarsh Manickam,
adragus-inviqa,
Adrián Martínez,
adrian-martinez-interactiv4,
Agata Firlejczyk,
agorbivskyi,
agurzhyi,
ahurzhii,
Ajay,
ajay-2jcommerce,
ajay saini,
Ajith,
akaplya,
akartavtsev,
Akimov, Alexander(aakimov)
Aki Ojalehto,
akucherevskiy,
Alan Vosper,
alan vosper,
Alastair Mucklow,
Aleksandr Osadchyi,
Aleksey Gorbulin,
Aleksey Tsoy,
AleksLi,
aleromano89,
Alessandro Ronchi,
Alex,
Alex Akimov,
Alexander Akimov,
Alexander Aleman,
Alexander Alisov,
Alexander Komar,
Alexander Kras'ko,
Alexander Makeev,
Alexander Menk,
Alexander Paliarush,
Alexander Shkurko,
Alexander Steshuk,
Alexander Turiak,
Alexandre Jardin,
Alexandre Thurow,
AlexandrKozyr,
Alexandr Skrashuk,
Alexandru Pasare,
Alexandr Voronoy,
Alex Bomko,
Alex Calandra,
Alexey Arendarenko,
alexeya-ven,
Alexey Rakitin,
Alexey Yakimovich,
Alex Ghiban,
Alex Gusev,
Alex Kolesnyk,
Alex Lukyanau,
Alex Lyzun,
Alex Paliarush,
Alex Panshin,
Alex Samorukov,
Alex Taranovsky,
AlexWorking,
ALIAKSANDR KOMAR,
Aliaksandr Komar,
Aliaksandr Zhurauliou,
aliaksandr_zhurauliou,
Aliaksei_Manenak,
Aliaksei Yakimovich2,
al.kravchuk,
Allan MacGregor,
Allan Paiste,
alojua,
aman3103,
Amjad M,
Amol2jcommerce,
amol2jcommerce,
amol 2jcommerce,
Amol Chaudhari,
Amrit Shrestha,
Anael Ollier,
Anahit Martirosyan,
Ananth Iyer,
AnastasiaBuniak,
AnastasiaBuniakEPAM,
Anatol Burym,
andimov,
andra lungu,
Andrea Parmeggiani,
Andreas Mautz,
Andreas Möller,
andreaspenz,
Andreas Schrammel,
Andreas von Studnitz,
Andreas Wickberg,
Andrea Zambon,
Andre Flitsch,
Andrei Kuprienka,
Andrei_Malets,
Andrei Popovici,
Andrei Ziblitski,
Andrei_Ziblitski,
Andrew Boudnikov,
Andrew Chorniy,
andrewizotov,
Andrew Kett,
Andrew Molina,
Andrew Noble,
Andrew Zabara,
Andrey Bezyazychnyy,
Andrey Dimov,
Andrey K,
Andrey Konosov,
Andrey Legayev,
Andrey Nikolaev,
Andrey Zabara,
Andrii Beziazychnyi,
Andrii-Deineha,
Andrii Dimov,
Andrii Kasian,
Andrii Lugovyi,
Andrii Meysar,
Andrii Voskoboinikov,
Andriy Kravets,
Andriy Nasinnyk,
Andy Smart,
Aneurin Barker Snook,
Angel Vazquez,
Ani Tumanyan,
Ankur Kaneria,
Ankur Raiyani,
Anna Avramenko,
AnnaShepilova,
Anna Voelkl,
Anna Völkl,
Ann Beeskau,
Ansari,
Anshu Mishra,
AnshuMishra17,
Anthony F.,
Anthoula Wojczak,
Antoine Cœur,
Antoine Daudenthun,
Anton Evers,
Anton Guz,
Anton Kaplia,
Anton Kaplya,
Anton Kril,
Anton Kucherevskyi,
Anton Makarenko,
Anton Ohorodnyk,
Anton Siniorg,
Anton Vakulchyk,
Antun Matanović,
anuj,
Anup Dugar,
Anusha Vattam,
An Van den Bosch,
Aponasenko, Dmytro(daponasenko)
Aposov, Maksym(maposov)
Aquarvin,
Aria Stewart,
Arjen Miedema,
Arkadii Chyzhov,
Arnob Saha,
Arnolds Kozlovskis,
Arnoud Beekman,
arosliuk,
Arpita Barua,
Arshad M,
Artem Klimov,
Artem Vasyliev,
Artem Voloznov,
Artsiom Bruneuski,
Artur Jewuła,
Arturo Iglesias,
as7469,
ashevtsov,
Ashish Patel,
ashna-jahan,
Ash Smith,
ashutosh,
asim-vax,
Atish Goswami,
Aurélien Lavorel,
austris argalis,
avattam,
avosper,
Avramenko, Anna(aavramenko)
ayaz,
Ayaz Mittaqi,
Aydin Hassan,
azambon,
barbarich-p,
Bart Delvaux,
bartdelvauxx,
Bartek Igielski,
Bartłomiej Szubert,
Bartłomiej Szymański,
Bart Lubbersen,
Bartosz Kubicki,
bchatard,
Beeskau, Ann(abeeskau)
Behnam Shayani,
beltong,
Ben Batschelet,
Ben Crook,
Benjamin Marks,
Benjamin Rosenberger,
Ben Marks,
Ben Nugent,
Bernard van der Esch,
Bernhard Leers,
Bettina,
BezV8,
bh-ref,
Bibu Mathew,
BlackEagle,
Bogdan Padalko,
Bogdan Plieshka,
Bohdan Korablov,
Bohdan Shevchenko,
Bomko, Alex(abomko)
Brendan Falkowski,
Brendan Tull,
Brent Jameson,
Brent Robert,
bruce.ayko,
Bruce Mead,
Bruno Roeder,
Bryant Luk,
brywaters,
bshevchenko,
Buba Suma,
Bunyamin,
Burlacu Vasilii,
bvrbanec,
bwaters,
ByteCreation,
Caleb Champlin,
Carey Sizer,
Cari Spruiell,
carstenpfeifer,
Cedric Blondeau,
centerax,
Cezary Zeglen,
Chad Bean,
Charaka,
Chellathurai,
Chellathurai, Maddy
Chellathurai, Maddy Mazhalai(mchellathura)
Chellathurai, Mazhalai(mchellathura)
chicgeek,
Chirag Matholiya,
Chitoraga Eduard,
chittima,
chorniy_andrey,
Chris Pook,
Chris Snedaker,
Christian Münch,
Christian Münch,
Christian Walter,
Christopher O'Toole,
Christos Stergianos,
ck-aagarwal,
Clement Beudot,
clementbeudot,
colin.macdonald,
convenient,
Craig Carnell,
Cris Pini,
Cristiano Casciotti,
Cristian Partica,
Cristian Sanclemente,
cspruiell,
csung,
ctubio,
Cy Kirsch,
Cyrill Schumacher,
Dale Sikkema,
Damián Culotta,
Damian Luszczymak,
Damian Tomczak,
Dan Farmer,
Daniel,
Daniele Donnini,
Daniel Fahlke,
Daniel Filipek,
Daniel Genis,
Daniel Gheolțan,
Daniel Goodwin,
Danielle Mundle,
Daniel Morris,
Daniel Renaud,
Daniel Rose,
Daniel Ruf,
Daniel Sloof,
Daniël van der Linden,
Danijel Potocki,
Danila Tarasov,
Danilo Argentiero,
dank,
Dan Kenny,
Dan Mooney,
Danny Nimmo,
Danny Verkade,
Dan Wallis,
Dariusz Maciejewski,
Dariusz Ruminski,
Dasharath,
Dave Farthing,
Dave Macaulay,
David91,
David Alger,
David Dattee,
David Freiman,
David Führ,
David Grigoryan,
David Haecker,
David Lambauer,
David Manners,
David Verholen,
David Windell,
Davit_Zakharyan,
ddonnini,
Deepak S Nair,
Deepty Thampy,
Degi,
deninchoo,
Denis Kopylov,
Denis Papec,
Denis Ristic,
Denis Rul,
Dennis Bartuschat,
Denys Rudchenko,
Denys Rul,
Denys Saltanahmedov,
Denys Soloviov,
Devagouda,
Devagouda Patil,
dhaecker,
Dharmendra,
dharmesh vaja,
DianaRusin,
Diego Cabrejas,
Diego Pires,
Digimix,
Dima Janzen,
Dima Shevtsov,
Dimitri König,
dimonovp,
dipeshrangani,
Dipti 2Jcommerce,
dmanners,
Dmitriy Kogut,
Dmitry Kaplin,
Dmitry Kologrivov,
Dmitry Shkolnikov,
DmitryTsymbal,
Dmitry Voskoboinikov,
Dmytro Androshchuk,
Dmytro Aponasenko,
Dmytro Bursak,
Dmytro Cheshun,
Dmytro Drozd,
Dmytro Horytskyi,
Dmytro Kvashnin,
DmytroPaidych,
Dmytro Paidych,
Dmytro Poperechnyy,
Dmytro Salamatov,
Dmytro Vilchynskyi,
Dmytro Voskoboinikov,
Dmytro Vynograd,
Dmytro Yushkin,
Dominic,
dominic,
DominicWatts,
Dominik Krebs,
Douglas Radburn,
Doug Lincicome,
Dragan Atanasov,
Dubovyk Oleksandr,
duhon,
Duong Hoang,
Dusan Lukic,
dverkade,
dvilchynskyi,
dvinograd,
dyushkin,
Dzmitry Tabusheu,
dzmitry_tabusheu@epam.com,
Eddie Lau,
Eden,
Eden Duong,
eduard13,
Eduard Chitoraga,
Edward Simpson,
Egor Shitikov,
Eino Keskitalo,
Elena Marchenko,
Elias,
Elias Kotlyar,
EliasZ,
Elvin Risti,
Elze Kool,
Emipro,
engcom-Echo,
Enrique Guadalupe,
Erfan,
Erfan Shamabadi,
Eric Bohanon,
Eric COURTIAL,
Eric Wiese,
Erik Hansen,
Erik Hanson,
Erik Pellikka,
Erin,
eugene-shab,
Eugene Tulika,
Evgenii Kalashnikov,
Evgenii Levinskii,
Evgeni Obukhovsky,
Evgeniy Kolesov,
Evgeniy Miskov,
Evgeny Kalashnikov,
Evgeny Petrov,
evgk,
Fabian Schmengler,
Fabricio Sobral,
Facundo Capua,
Falk Ulbricht,
Fanis,
Fanis Strezos,
Federico Rivollier,
Felipe Almeida,
Felix Delval,
Filip Krejčí,
Flyingmana,
Fooman,
fooman,
francesco,
FrankRuis,
freakphp,
fredcool,
Fred Orosko Dias,
Fred Sung,
Freek Vandeursen,
Gabor Peter Suranyi,
Gabriel Caruso,
Gabriel da Gama,
Ganin, Roman(rganin)
Gareth James,
Gayajith Maddumarala,
Geeta,
George Babarus,
Giacomo Mirabassi,
Giancarlo Peris,
Giel,
Giel Berkers,
Gihovani Filipp,
Gihovani Filipp Pereira Demétrio,
Gil Greenberg,
GitHub,
--global,
gmachure,
Goncharenko Vitaliy,
gonzalo,
Gonzalo Méndez Calzada,
Gonzalo Méndez Calzada,
Gordon Knoppe,
Gordon Lesti,
govindpokhrelsharma,
Graham Wharton,
Greg Croasdill,
Grzegorz Bogusz,
Gurzhyi, Andrii
Gustavo Dauer,
Guz, Anton(aguz)
GwanYeong Kim,
gwharton,
Hailong Zhao,
Hakobyan, Lusine
Hans Schouten,
Harald Deiser,
Harniuk Bohdan,
Harold Claus,
Hayder Sharhan,
He, Joan(johe)
Henryk Tews,
He, Robert(rohe)
Hiep Ho Minh,
Himanshu Srivastava,
hiren,
hiren pandya,
Hirokazu Nishi,
Hitesh,
Hitesh Koshti,
hitesh-wagento,
“hitesh@wagento.com”,
Ho Minh Hiep,
Hugo,
Hwashiang Yu,
Iain,
Ian,
Ian Coast,
Ian Daszkowski,
Ian Meron,
Iaroslav Gyryn,
Idolov, Stanislav(sidolov)
Ievgenii Gryshkun,
Ievgen Kolesov,
Ievgen Sentiabov,
Ievgen Shakhsuvarov,
Igor Melnikov,
Igor Melnykov,
Igor Miniailo,
IgorVitol,
Ihor Furseyev,
Ihor Kolesnyk,
Ihor Melnychenko,
Ihor Savchuk,
Ihor Sviziev,
ikk0,
Ilan Parmentier,
Illia Grybkov,
ilnytskyi_sv,
imelnychenko,
iminiailo,
Iryna Lagno,
Iryna Savchenko,
isavchuk,
ishakhsuvarov,
Islam Elkhalifa,
islam elkhalifa,
Iurii Ivashchenko,
Ivan Aryka,
Ivan Gavryshko,
Ivan Gerchak,
Ivan Koliadynskyy,
Ivan Krsnik,
IvanPletnyov,
ivan.pletnyov,
Ivashchenko,Sergii(sivashchenko)
Jaanek Liiskmaa,
Jack Krielen,
Jacob Brown,
jaideepghosh,
Jaimin Sutariya,
Jakob Meissner,
Jakub Idziak,
jamelleg,
James Anelay,
James Calcaben,
James Halsall,
James Reed,
Jamie Saunders,
Janak,
Janak Bhimani,
Jan Polak,
Jan Schlosser,
Janusz Janczy,
Jason Evans,
Jason Woods,
Jasper Zeinstra,
Javier Villanueva,
Jayanka,
Jean-Bernard Valentaten,
Jeff Coleman,
Jens Köcke,
Jens Scherbl,
Jeroen,
jeroen,
Jeroen Boersma,
Jeroen van Leusden,
jettcalleja,
jeysmook,
Jignesh Baldha,
Ji Lu,
Jiří Brada,
Jitheesh,
Joan He,
Jochem Klaver,
Joe Constant,
Joel Rainwater,
John Hughes,
John Knowles,
John Lambert,
John S,
John Stennett,
John Zolper,
Joke Puts,
Jonas Hünig,
Jonathan Kingston,
Jonathan Vaughn,
Jonathan Willian,
Jordan Hinkle,
Jose Ortega,
Joseph Maxwell,
Joseph McDermott,
Josh Di Fabio,
Joshua Bixler,
Joshua Bourke,
Joshua Di Fabio,
Julian Schlarb,
Julian van Drielen,
Julian Wundrak,
Justin,
Justin Liotta,
Kajal Solanki,
kalexeyev,
kalinicham,
Kamil Degórski,
Kaminski,
Karan Shah,
Karen_Mkhitaryan,
Karla Saaremäe,
Karla Saaremäe,
Karpenko, Oleksandr
Karyna Tsymbal,
KasemNaoui,
Kasian,Andrii(akasian)
Kate Kyzyma,
Kateryna Muntianu,
Kaushik Chavda,
Kavitha,
Kazim Noorani,
Kevin Abel,
KevinBKozan,
Kevin Harper,
Kevin Kozan,
Kevin Schroeder,
Keyur Kanani,
Keyur Shah,
kgbenka,
Khodu Vaishnav,
Kieu Phan,
KinLok,
Kirill Morozov,
Kirti Nariya,
Kiryl Bakun,
kkorushkin,
Klaas van der Weij,
Klymenko, Volodymyr(vklymenko)
Kobchenko, Oleh(okobchenko)
Kocet Sylvain,
Kogut Dmitro,
kokoc,
Kolesov, Ievgen(ikolesov)
Komsit Rattana,
konarshankar07,
Konosov, Andrey(akonosov)
Kopylova,Olga(okopylova)
korostii,
Korshenko, Oleksii(okorshenko)
Korshenko, Olexii(okorshenko)
Kostiantyn Lozhkin,
Kostiantyn Poida,
Kostyantyn Alexeyev,
Kovsher, Iurii(ikovsher)
Krishna Abothu,
Krissy Hiserote,
Kristian Charbonneau,
Kristjan Heinaste,
Kristof, Fooman
Kristof Ringleff,
Kristof Ringleff, Fooman
Krzysztof Daniel,
Kunal Soni,
kunj1988,
Kvashnin, Dmytro(dkvashnin)
Lachlan Turner,
Lagno,Iryna(ilagno)
Lahiru Jayakody,
Lars Roettig,
larsroettig,
Laura Kishimoto,
Leandro Ferraz Luvisotto,
Leandro F. L,
Leandro Rosa,
Leandry,
Leland Clemmons,
Lena Orobei,
Leo Gumbo,
Leonid Poluyanov,
Leon Stam,
Levi Villarreal,
Lewis, Paul(plewis)
Lewis Voncken,
lfolco,
Liam Wiltshire,
Lieven Pouwelse,
Lilit Sargsyan,
liolemaire,
LisovyiEvhenii,
Liukshyn Roman,
Logan Stellway,
Logvin, Michael(mlogvin)
Lopukhov, Stanislav
Lopukhov, Stanislav(slopukhov)
Lorenzo Stramaccia,
Lori Krell,
lpoluyanov,
Lucas Calazans,
lucascalazans,
Lukasz Bajsarowicz,
Łukasz Bajsarowicz,
Lukasz Lewandowski,
Lukasz Linczewski,
Łukasz Olucha,
Luke Rodgers,
Lusine,
Lusine Hakobyan,
Lusine Papyan,
Luuk Schakenraad,
Lyzun Oleksandr,
Mac,
Maciej Pawłowski,
Maciej Sławik,
Maddesto,
Maddy Chellathurai,
madotto,
Mads Nielsen,
mage2pratik,
mage2-team,
Magento 2 Team,
Magento Community Engineering,
Magento EngCom Team,
magento-engcom-team,
Magento Team,
mageprince,
mahesh,
Mahesh Singh,
Maikel Koek,
maksek,
maksimgrib,
Maksim_Stsepantsevic,
Maksim Stsepantsevich,
Maksim_Stsepantsevich,
Maksym Aposov,
Maksym Iakusha,
Maksym Novik,
Maksym Savich,
Malyovanets Nickolas,
mamzellejuu,
manasa,
Manasa Potluri,
manish,
Mankivskyi,Sviatoslav(smankivskyi)
Mansoor, Mehryar(mmansoor)
Manuel Canepa,
Manuel Schmid,
Manu Gonzalez,
Marcel,
Marcel Hauri,
Marcel Moldovan,
Marcin Kwiatkowski,
Marco Köpcke,
Marco Oliveira,
Marc Rodriguez,
Marcus Pettersen Irgens,
Maria Kovdrysh,
Mariana,
Mariana Lashch,
Marijo Macinkovic,
Marius,
Marius Strajeru,
Mark Berube,
Mark Fox,
Mark Hodge,
Marko Martinović,
Mark Pietrusinski,
Mark Shust,
Mark van der Sanden,
Martin Eisenführer,
Martin Hansen,
Martin Peverelli,
Marvin Caspar,
Mastiuhin Oleksandr,
Mastiuhin Olexandr,
mastuhin.olexnadr,
Matei Purcaru,
Matei Stefanescu,
Mateusz Krzeszowiak,
Mateusz Wegrzycki,
Matheus Gontijo,
Matias Montes,
matt,
Matt Barlow,
Matteo Manfrin Hevelop,
Matthew O'Loughlin,
Matthias Herold,
Matthias Kleine,
Matthias Walter,
Matthias Zeis,
Matti Vapa,
Matvii Mikhnevych,
Mauricio Agudelo,
Max Almonte,
Max Bucknell,
Max Chadwick,
Max Gubar,
maxim.gubar,
Maximilian Fickers,
Maxim Medinskiy,
Maxim Shikula,
Maxim Tkachuk,
Max Lesechko,
Max Pronko,
Max Romanov,
Max Shikula,
Max Souza,
Max Y,
Mayank,
mduuude,
Melnikov, Igor(imelnikov)
Meng Tian,
merlin,
miakusha,
Michael Keilty,
Michael Lehmkuhl,
Michael Logvin,
Michael Strigkos,
Michael Wylde,
Michael Yu,
Michail Slabko,
Michal Derlatka,
Michal Gacek,
Michalk39,
Michal Malinowski,
Michał Pietrzyk,
Michal Sz,
Michał Wujas,
Michele Fantetti,
Michell Brito,
michellbrito,
Michiel Gerritsen,
Miguel Balparda,
Mikalai_Eutsikhieu,
Mikalai Shostka,
Mikalai_Shostka,
mikekeilty,
Mike O'Loughlin,
Mike Weis,
Mike Whitby,
Mila Lesechko,
Milan Osztromok,
Milind Singh,
milindsingh,
Minesh Mitha,
Miniailo, Igor(iminiailo)
Miro Michalicka,
Misha M.-Kupriyanov,
mk-elogic,
Mladen Ilic,
mmikhnevych,
mmularski,
Mobecls,
Mohammad HAJ SALEM,
mohith227,
Momotenko,Natalia(nmomotenko)
Mr Khoa,
mrkhoa,
mtanniru,
Munkh-Ulzii Balidar,
Mykhailo Matiola,
Mykhailo Miroshnikov,
Mykola Orlenko,
Mykola Palamar,
Myroslav Dobra,
Nadiia Syvokonenko,
nadim2jcommerce,
Nadiya Syvokonenko,
Nainesh,
Namrata,
Namrata Vora,
Nasinnyk, Andrii(anasinnyk)
natalia,
Natalia Momotenko,
nathanm,
Nathan McBride,
Nathan Nobbe,
Nathan Smith,
Nathan Toombs,
Navarr Barnier,
Nayda,Valeriy(vnayda)
NazarKlovanych,
Nazar Klovanych,
Nazarn96,
Nazar Padalka,
Neill Robson,
Neven Kajić,
nevvermind,
Nicholas Graziano,
Nicholas Miller,
Nick de Kleijn,
Nick Shatilo,
Nicolas Grekas,
Niels van Rongen,
nikita,
Nikita Chubukov,
Nikita Fomin,
Nikita Sarychev,
Nikita Shcherbatykh,
Nikita Tychuk,
NikolasSumrak,
Nikunj Shekhada,
Nino Aratari,
niravkrish,
Nirmal Raval,
Nishant Jariwala,
nmalevanec,
Nolwennig Guilbert,
Norbert Nagy,
Northern eCommerce,
Novykov Ivan,
nsyvokonenko,
obaranovskyi,
oiegorov,
okarpenko,
okorshenko,
Oksana_Kremen,
Oleg Onufer,
Oleg Posyniak,
Oleg Volkov,
Oleg Zinoviev,
Oleh Kobchenko,
Oleh Posyniak,
Oleh Usik,
Oleksandr Burianyk,
Oleksandr Dubovyk,
Oleksandr Gorkun,
Oleksandr_Hodzevych,
Oleksandr Iegorov,
Oleksandr Ivashchenko,
Oleksandr Karpenko,
Oleksandr Kravchuk,
Oleksandr Manchenko,
Oleksandr Miroshnichenko,
Oleksandr Osadchyi,
Oleksandr Radchenko,
Oleksandr Rykh,
Oleksandr Shmyheliuk,
Oleksandr Turiak,
Oleksii Gorbulin,
Oleksii Kolesnyk,
Oleksii Korshenko,
Oleksii Lisovyi,
Oleksii Pugach,
Olexandr Lysenko,
Olexii Korshenko,
Olga Kopylova,
Olga Lytvynenko,
Olga Matviienko,
Olga Moyseyenko,
Olga Nakonechna,
OlgaVasyltsun,
Olha Nakonechna,
Oliver Klee,
olysenko,
Onischenko, Yaroslav(yonischenko)
oradchenko,
orykh,
Oscar Recio,
oserediuk,
Oshan,
Oskar Mothander,
Oskar Olaussen,
osrecio,
Ostap Smolyar,
Otakar Mareček,
O'toole, Christopher(otoolec)
Paavo Pokkinen,
Pablo Fantini,
Pablo Ivulic,
Paladiychuk, Viktor(vpaladiychuk)
Palamar, Mykola
Paliarush, Alexander(apaliarush)
Paolo Vecchiocattivi,
Parag Chavare,
Parker Smith,
Partica, Cristian
Pascal Brouwers,
Patrick Maguire,
Patrick McLain,
Patrick Schnell,
Paul Hachmang,
Paul Lewis,
Pavel,
Pavel Bystritsky,
Pavlo Cherniavskyi,
pawankparmar,
Paweł Cieślik,
Paweł Malerowicz,
Paweł Tylek,
pdohogne-magento,
Pelipenko, Vladimir(vpelipenko)
Per Sikker Hansen,
Petar Sambolek,
Peter Halassek,
peterjaap,
Peter O'Callaghan,
Peter Samoilov,
petterk,
pganapat,
Phillip Jackson,
PhoenixDev - AP,
PhoenixDev - DR,
PhoenixDev - SP,
PhoenixPM - BK,
Pierre Martin,
Pieter Cappelle,
Pieter Hoste,
piotrekkaminski,
Piotr Kwiecinski,
Piyush Dankhara,
Posyniak, Oleh(oposyniak)
Prabhat Rawat,
Prabhu Ram,
Prakash,
prakashpatel07,
Pratik,
Pratik Mehta,
Pratik Oza,
Pratik Sangani,
Prince Patel,
priti,
Quentin Farizon,
quienti,
Rad, Viktor(vrad)
Rafael Corrêa Gomes,
Rafael Kassner,
rahul,
Rahul Kachhadiya,
Raith Hamzah,
Raj KB,
rajneesh1dev,
Ranee 2Jcommerce,
rani-priya,
rani-webkul,
Ranjith VK,
Raoul Rego,
Raphael Petrini,
ratnesh,
Raúl,
Raul E Watson,
Raúl Mateos,
Raul Verdugo,
ravbetsky,
Ravi Chandra,
Rav [RedChamps],
reka,
Renato Cason,
Rhodri Davies,
Ricards,
Riccardo,
Riccardo Tempesta,
Richard Aspden,
Richard BAYET,
Richard McLeod,
Rick Kuilman,
rishatiwari,
rliukshyn,
Robert Clendenin,
Robert He,
Robin Rijkeboer,
Rob Mangiafico,
Rob Tull,
Rodion Savchuk,
Rodrigo Biassi,
Rodrigo Mourao,
Rodrigo Santellan,
roettigl,
Rolf Timmermans,
Romain Ruaud,
RomaKis,
Roman,
roman,
Roman Chumak,
Roman Ganin,
Roman Glushko,
Roman Hanin,
Roman Kabanov,
RomanKis,
Roman Leshchenko,
Roman Liukshyn,
Roman Lytvynenko,
Roman Rudavskyi,
Roman Strilenko,
Roman Zhupanyn,
Ronak,
Ronak Patel,
rossbrandon,
Ross McHugh,
rostyslav-hymon,
rostyslav.hymon,
Rostyslav Sabishchenko,
Rouven Alexander Rieker,
R.S,
rsavchuk,
Rus0,
Ruslan Kostiv,
Rustam Honezhukov,
Ryan Cook,
Ryan Palmer,
Ryan Simmons,
Ryan Fowler,
Rykh Oleksandr,
s932344,
Sachin Admane,
Safwan Khan,
Sam Marcus,
Sam Tay,
Samuel Caçador,
Sanchit,
sanjay,
Sanjay Patel,
Sankalp Shekhar,
saphal,
Saravanan,
Sarfaraz Bheda,
Sascha Grossenbacher,
sathakur,
Sathish,
Satya Prakash,
satyaprakash,
satya prakash,
satyaprakashpatel,
Saurabh Parekh,
Savchenko, Iryna(isavchenko)
schurter-cw,
Scott Buchanan,
scribam,
sdovbenko,
sdwright,
sdzhepa,
Sergey,
Sergey Dovbenko,
Sergey Ivashchenko,
Sergey Kolodyazhnyy,
Sergey Kovalenko,
Sergey Mutaf,
Sergey Nezbritskiy,
Sergey Plakhonin,
Sergey Semenov,
Sergey Shvets,
Sergey Solo,
Sergey Verklov, Senior Product Manager
Sergii,
Sergii Gozhedrianov,
Sergii Ivashchenko,
Sergii Kovalenko,
Sergiy Zhovnir,
Serhii,
Serhii Balko,
serhii balko,
serhii-balko,
Serhii Dzhepa,
Serhii Petrychenko,
Serhii Voloshkov,
Serhiy Shkolyarenko,
Serhiy Yelahin,
Serhiy Zhovnir,
sertlab,
Shanavas M,
shankar,
Shankar Konar,
Shcherbatykh,
shikhamis11,
Shikha Mishra,
Shikula, Maxim(mshikula)
Shkolyarenko, Serhiy(sshkolyarenko)
Shmyheliuk, Oleksandr
Shubham Sharma,
Shytikov, Yehor(yshytikov)
Siarhei Andreyeu,
sIiiS,
Sikkema, Dale
Simon Frost,
Simon Schröer,
Simon Schurter,
Simon Sprankel,
Sinisa Nedeljkovic,
Siva Kumar,
Siva kumar,
skylineop,
Slabko,Michael(mslabko)
Slava Mankivski,
slirx,
slopukhov,
SmolyarO,
SolsWebdesign,
Sona Sargsyan,
Soumya Unnikrishnan,
Spandana Chittimala,
speedy008,
stack,
stani,
Stanislau Komar,
Stanislau komar,
Stanislav Idolov,
Stanislav Ilnytskyi,
Stanislav Lopukhov,
StasKozar,
Stas Kozar,
Stas Puga,
Stefan Doorn,
stefank,
Stepan Furman,
Stephan de Tyssonsk,
Stephan Hochdörfer,
Steve Johnson,
Steven Stovall,
Steven Vandeputte,
Steve Robbins,
Stijn Bernards,
Stjepan Udovicic,
stkec,
storbahn,
Stsiapan Korf,
Subash Natarajan,
Sudhanshu Bajaj,
Sudheer Kumar Gajjala,
Suneet,
Sunil Patel,
Surbhi,
suryakant,
Susan Wright,
Sven Reichel,
Sviatoslav Mankivskyi,
syed92hasan,
Sylvain Kocet,
Sylvain Rayé,
Sylwester Fiolka,
Szymon Dudzik,
Tadhg Bowe,
Taku,
Tan,
TandyCorp,
Tang, Yu(ytang1)
Tanniru, Murali(mtanniru)
Tan Sezer,
Tegan Elizabeth Bold,
Tejash Kumbhare,
Tery Lim,
Tetiana Blindaruk,
Teun Lassche,
Thai Phan,
Theis Corfixen,
Thiago Lima,
this-adarsh,
Thomas Klein,
thomasvillagers,
Tiago,
Tiago Sampaio,
Tibor Kotosz,
Timo Klement,
Timon de Groot,
Timo Schmid,
Tim Reynolds,
Tjitse Efdé,
Toan Nguyen,
Tobias Maile,
Tobias Westfeld,
Tobias Zander,
Todd Christensen,
TomashKhamlai,
Tomash Khamlai,
Tomas Votruba,
Tomasz Gregorczyk,
Tomislav Santek,
Tom Klingenberg,
Tommy Quissens,
Tommy Wiebell,
Tom Reece,
Tom Richards,
Tom Van Looy,
Torben Höhn,
Torben Höhn,
torhoehn,
torreytsui,
tpogrebniak,
Tristan Hofman,
trr,
tufa,
Tulika,Eugene(etulika)
tuyennn,
Tymchynskyi, Viktor(vtymchynskyi)
U1PR01,
U-CORP\vpaladiychuk,
uharbachou,
Uladzimir Kalashnikau,
uladzimir_kalashnikau,
Uladzislau Harbachou,
Umar,
User,
VaD1ke,
vadim,
Vadim Justus,
vadim.malesh,
Vadim Zubovich,
Vadym Kolesnyk,
Vadym Okun,
vagrant,
Vaha,
vaibhavahalpara,
valdislav,
Valentin Boyanov,
Valentin Hirson,
Valerii Naida,
Valerij Ivashchenko,
Valeriy Nayda,
ValeryYafremau,
Vasiliev.A,
Vasilii,
VasiliiB,
Vasilii Burlacu,
Vasya Tsviklinskyi,
Vasyl Kozyrenko,
VasylShvorak,
vbmagento,
Venkata Uppalapati,
Vernard Luz,
Veronika Kurochkina,
Veselov, Vladyslav(vveselov)
vgelani,
vgoncharenko,
Viacheslav Kolosov,
victor,
Victor Rad,
Vijay Golani,
Viktor Paladiychuk,
Viktor Petryk,
Viktor Sevch,
Viktor Tymchynskyi,
Vilchynskyi, Dmytro(dvilchynskyi)
Vimal Kumar,
Vinai Kopp,
Vinay Shah,
Vincent Hornikx,
Vincent.Le,
Vincent MARMIESSE,
Vincent Marmiesse,
Vinicius Dziuba,
Viral,
Vishal Gelani,
Vishal Sutariya,
vishalverma.magento279,
vishesh.dwivedi,
Vitalii Korotun,
Vitalii Tychenok,
Vitalii Zabaznov,
Vitali Kirychenka,
Vitaliy Boyko,
vitaliyboyko,
Vitaliy Goncharenko,
Vitaliy Honcharenko,
Vital Pantsialeyeu,
Vital_Pantsialeyeu,
vital_pantsialeyeu,
Vital Sery,
vital_sery,
VitDev,
vivekkumarcedcoss,
vklymenko,
vkolesny,
vkorotun,
VKozyrenko,
Vladimir Fishchenko,
Vladimir Pelipenko,
vladimir zaets,
Vladimir Zaranok,
Vlad Veselov,
Vlad Veselov ______________  Disclaimer: All my messages contain personal opinions and perspectives and does not necessarily reflect those of Magento Inc.,
Vladyslav,
Vladyslav Podorozhnyi,
Vladyslav Shcherbyna,
vnayda,
Volodymyr Hryvinskyi,
Volodymyr Kholoshenko,
Volodymyr Klymenko,
Volodymyr klymenko,
Volodymyr Kublytskyi,
Volodymyr Sevostianov,
Volodymyr Vygovskyi,
Volodymyr Zaets,
Voskoboinikov, Dmytro(dvoskoboinikov)
Vova Yatsyuk,
vpaladiychuk,
vpashovski,
vpelipenko,
vpiyappan,
vprohorov,
vprokopchuk,
vrann,
vseleznev,
vsevostianov,
v.shatylo,
vshvorak,
v.sikailo,
vtymchynskyi,
vzabaznov,
vzaets,
Walter Dolce,
Ward Cappelle,
waynemowdirect,
wb,
WEXO,
Wiard van Rij,
Wiktor Jarka,
Wilko Nienhaus,
Will Beltran,
Willem de Groot,
William Byrne,
William Johnston,
Willian Keller,
Will Palmer,
Wirson,
Wojtek Naruniec,
Wouter Samaey,
w.perera,
Wright, Susan(swright)
wsajosh,
xhallix,
Yannis Livasov,
yaroslavGoncharuk,
YaroslavHolovanych,
Yaroslav Onischenko,
Yaroslav Rogoza,
Yaroslav Zenin,
Yashwant 2jcommerce,
Yauheni Grouk,
Yauhen_Lyskavets,
ybohaienko,
Yevhen Bohaienko,
Yevhenii Dumskyi,
Yevhen Miroshnychenko,
Yevhen Sentiabov,
Yogesh Suhagiya,
yoime,
Yoshihisa Amakata,
Yuliya Labudova,
Yurii Borysov,
yuriichayka,
Yurii Hryhoriev,
Yurii Sapiha,
Yurii Torbyk,
Yurii Tvardyi,
Yuri Kovsher,
yuri kovsher,
Yuriy,
Yuriy Tkachenko,
Yushkin, Dmytro
Yu Tang,
Yuxing Zheng,
Zachary Craig,
Zaets Volodymyr,
Zaets, Volodymyr(vzaets)
Zbigniew Kuras,
Zefiryn,
Zeno F. Pensky,
zhartaunik,
Zvonimir Burić,
