Aaron S. Hawley,
Adianto Wibisono,
Adriaan Moors,
Adrien Suree,
af,
Aggelos Biboudis,
Akhtyam Sakaev,
Alan Johnson,
Alden Torres,
Alejandro Sellero,
Aleksandar,
aleksandar,
Aleksandar Pokopec,
Aleksandar Prokopec,
Alessandro Lacava,
Alexander Clare,
Alex Cruise,
Alexey Romanov,
Alex Levenson,
Alissa Rao,
Allan Renucci,
allisonhb,
allisonhb allisonhb@gmx.com,
amin,
Anatolii,
Andrei Baidarov,
Andrew Phillips,
Andrew Valencik,
Andrey Kutejko,
Andriy Plokhotnyuk,
Andriy Polishchuk,
Anthony Tjuatja,
Antoine Gourlay,
Antonio Cunei,
Arno den Hartog,
Arnout Engelen,
ashwin,
Atsushi Araki,
Ausmarton Zarino Fernandes,
Automation Bot,
awibisono,
Bakhytzhan Karabalin,
BartekJanota,
Ben Elliott,
Benjamin Kurczyk,
Blair Zajac,
BrianLondon,
Brian McKenna,
Brian Wignall,
brijest,
Bruno Bieth,
Burak Emir,
buraq,
Callum Turnbull,
Carlo Dapor,
Carsten Varming,
Casey Leask,
chanyong.moon,
Chris Birchall,
chrisJames,
chrisokasaki,
Chris Phelps,
Christoffer Sawicki,
Christopher Davenport,
Christopher Vogt,
Christoph Neijenhuis,
Chuck Zeng,
Chujie Zeng,
clhodapp,
Cody Allen,
Cody Mello,
Cong Zhao,
Connor Doyle,
cremet,
Cristian Tălău,
cunei,
cvogt,
Dale Wijnand,
Dan Brown,
Dan Garrette,
Dan Hopkins,
Daniel Barclay,
Daniel C. Sobral,
Daniel Darabos,
Daniel Dietrich,
Daniel Moss,
Dan Rosen,
Darcy Shen,
David Barri,
David Gregory,
David Hall,
David Hoepelman,
David MacIver,
David Pollak,
David Turner,
dcaoyuan,
Declan Conlon,
Denis Buzdalov,
Denis Rosset,
Den Shabalin,
Denton Cockburn,
Denys Shabalin,
Derek Chen-Beker,
dgruntz,
Dick Wall,
Diego Alonso,
Diego E. Alonso Blas,
Diego E. Alonso-Blas,
Dima Tkach,
dk14,
Dmitriy Pogretskiy,
Dmitry Bushev,
Dmitry Melnichenko,
Dmitry Nadezhin,
Dmitry Petrashko,
Dominik Gruntz,
Dongjoon Hyun,
Donna Malayeri,
Earl St Sauver,
Edmund Noble,
Eitan Adler,
Enno Runne,
Eric Peters,
Erik Erlandson,
Erik Osheim,
Erik Rozendaal,
Erlend Hamnaberg,
esfandiar amirrahimi,
Ethan Pronovost,
Étienne Vallette d'Osia,
Eugene Burmako,
Eugene Dzhurinsky,
Eugene Platonov,
Eugene Vigdorchik,
eugene yokota,
Evgeny Kotelnikov,
Evgeny Slutsky,
Evgeny Vereshchagin,
exoego,
Eyal Farago,
Fabien Salvi,
Faiz Halde,
fedgehog,
Felix Mulder,
folone,
François Garillot,
François Garillot,
Frank S. Thomas,
Gabriel Claramunt,
gakuzzzz,
Geoff Reedy,
Geoffrey Knauth,
Geoffrey Washburn,
Georg,
George Leontiev,
Georgi Krastev,
Gerard Basler,
ghik,
Gilles Dubochet,
GitHub,
Greg Methvin,
Grzegorz Kossakowski,
Guillaume Martres,
Guy Dickinson,
Gyuhang Shim,
Håkon Hjelde Wold,
Hao Xia,
Harrison Houghton,
harryhuk,
Havoc Pennington,
Heather Miller,
Heejong Lee,
Heikki Vesalainen,
hepin1989,
howtonotwin,
Hubert Plociniczak,
Iain McGinniss,
Iaroslav Zeigerman,
Ichoran,
id.ilych,
Igor Moreno,
Ikumi Shimizu,
Ilya Maykov,
ilyas,
ingoem,
Ingo Maier,
Isaac Levy,
Ismael Juma,
Iulian Dragos,
Jack Koenig,
Jakob Odersky,
James Iry,
James Roper,
James Ward,
Jamie Allen,
Jamie Thompson,
Jan Bessai,
Janek Bogucki,
Jan Niehusmann,
Jason Swartz,
Jason Zaugg,
Jasper Moeys,
Jean Michel Rouly,
Jean-Remi Desjardins,
Jean-Rémi Desjardins,
jeberle,
Jeff Shaw,
Jentsch,
Jeroen ter Voorde,
jhegedus42,
Jiawei Li,
Jimin Hsieh,
jinfu-leng,
JoeRatt,
Johannes Rudolph,
Jon Pretty,
Josh Lemer,
Josh Marcus,
Josh Suereth,
joymufeng,
Juha Heljoranta,
Julien Richard-Foy,
Julio Santos,
Juliusz Sompolski,
JustinPihony,
jvican,
jxcoder,
Kamil Duda,
Kamil Kloch,
Kato Kazuyoshi,
Kazuhiro Sera,
kelebra,
kenji yoshida,
Kentaro Tokutomi,
kirillkh,
Kirill Khazan,
Kobenko Mikhail,
Konstantin Fedorov,
Kornel Kielczewski,
Kota Mizushima,
Krystian Nowak,
Krzysztof Romanowski,
kurnevsky,
Lars Hupel,
Laurynas Lubys,
Lee Mighdoll,
Leif Wickland,
leitoh,
lesani,
Lex Spoon,
Li Haoyi,
Linas Medziunas,
Linas Medžiūnas,
Li Yao,
lorch,
LPTK,
luajalla,
Lucas Cardoso,
Lucas S Cardoso,
Luc Bourlier,
Lucien Pereira,
Lukas Elmer,
Lukas Rytz,
Lukasz Piepiora,
Luke Cycon,
Lyle Kopnicky,
Mads Hartmann Jensen,
Magnolia.K,
Maks Atygaev,
Malte Isberner,
Manohar Jonnalagedda,
Marcelo Cenerino,
Marcin Kubala,
Marconi Lanna,
Marco Zühlke,
Marc Prud'hommeaux,
Marc Siegel,
Mark Harrah,
Mark Mynsted,
Markus Hauck,
Markus Jura,
Mark Zitnik,
martende,
martijnhoekstra,
Martin Duhem,
Martin Grotzke,
Martin McNulty,
Martin Odersky,
Martin Olsson,
Martynas Mickevičius,
Masaru Nomura,
Masato Sogame,
mathhun,
Matteo Gazzetta,
Matthew de Detrich,
Matthias,
Matthias Sperl,
Matthias Zenger,
Matt Sicker,
Max Bileschi,
Maxim Valyanskiy,
mdedetrich,
Michael,
Michael Bayne,
Michael Pigg,
Michael Pollmeier,
Michael Schmitz,
Michael Steindorfer,
Michael Thorpe,
Michał Pociecha,
michelou,
Micro Dotta,
Miguel Garcia,
mihaylov,
Mike Morearty,
Mike Skells,
mikhail,
Miles Sabin,
Mirco Dotta,
Mitesh Aghera,
mkeskells,
moez,
Mohit Agarwal,
moix,
mpociecha,
Nada Amin,
Nafer Sanabria,
nafg,
naldo,
NAME,
Narek Asadorian,
nermin,
Nicolas Rinaudo,
Nicolas Stucki,
nielsen,
Niko Vuokko,
noir,
NomadBlacky,
NthPortal,
Odd Möller,
odersky,
Ólafur Páll Geirsson,
Olivier Blanvillain,
Olli Helenius,
Oscar Boykin,
Pablo Fco. Pérez Hidalgo,
paltherr,
Paolo G. Giarrusso,
Pap Lőrinc,
Parambir Singh,
pathikrit,
Paul Draper,
Paul Kernfeld,
Paul Phillips,
Pavel Pavlov,
pavelpavlov,
Paweł Wiejacha,
Pedro Furlanetto,
Performant Data LLC,
petermz,
Peter Vlugter,
peterz,
phaller,
Philipp Haller,
Philippus,
Philippus Baalman,
Piotr Kukielka,
Piotr Kukiełka,
piyush-jaiswal,
PJ Fanning,
poketo7878,
pradel,
Prashant Sharma,
psilospore,
qilab gamma,
Rajiv,
Raphael Jolly,
Raul Bache,
Rebecca Claire Murphy,
redscarf,
Rex Kerr,
Rich Dougherty,
Rike-Benjamin Schuppner,
rjfwhite,
Robert Hoedicke,
roberthoedicke,
Robert Ladstätter,
Robert Nix,
Roberto Tyley,
RobertZK,
Robin Green,
Robin Stephenson,
Robin Stocker,
Rob Norris,
Roland,
Rory Graves,
rubyu,
Rüdiger Klaehn,
Ruediger Klaehn,
Rui Gonçalves,
Rui Gonçalves,
Ruslan Shevchenko,
Ruud Welling,
Ryan McDougall,
Ryan Williams,
Ryan Zhang,
Ryo Fukumuro,
Sagie Davidovich,
Sam Halliday,
Samy Dindane,
Sayyed, Atiq (Agoda)
sbucher,
schinz,
Scott Carey,
Scott R. Parish,
Sean McDirmid,
Sean Riggin,
Sébastien Doeraene,
secwall,
Seth Tisue,
sh0hei,
shack,
Shadaj,
Shadow53,
Shane Delmore,
Simão Martins,
Simon Ochsenreither,
Simon Schaefer,
Simon Schäfer,
skyluc,
smessmer,
soc,
Som Snytt,
Song Kun,
Sperl Matthias,
srinivasreddy,
Stefan Zeiger,
stenman,
stepancheg,
Stephen Compall,
Stephen Judkins,
Stephen Nancekivell,
Steve Gury,
Steven Barnes,
Steven Mitchell,
Steven Scott,
Steve Robinson,
Stuart Golodetz,
stusmall,
Sunil Mishra,
swaldman,
Syed Jafri,
Szabolcs Berecz,
taku0,
Tamer Mohammed Abdul-Radi,
Taras Boiko,
ta.tanaka,
Teemu Lehtinen,
teldosas,
terma,
texasbruce,
tgodzik,
Thomas Geier,
Tiark Rompf,
Tim Harper,
Tim Ruhland,
Tim Spence,
Tim Vergenz,
tim-zh,
tkong,
Tobias Roeser,
Tobias Schlatter,
Todd Vierling,
todesking,
Tomas Mikula,
Trent Ogren,
triggerNZ,
Uladzimir Abramchuk,
Uttej Guduru,
Valerian,
valydia,
veera venky,
viktorklang,
Vince,
Vincent de Haan,
Vinicius Miana,
Vladimir Glushak,
VladimirNik,
Vladimir Parfinenko,
Vlad Ureche,
vogt,
Vojin Jovanovic,
Volkan Yazıcı,
vsalvis,
wanying.chan,
wholock,
wpopielarski,
Xavier Fernández Salas,
Xavier GUIHOT,
Xusen Yin,
xuwei-k,
Yang Bo,
Yaroslav Klymko,
YawarRaza7349,
ybr,
Ye Xianjin,
yllan,
yui-knk,
Yuval Dagan,
Zhong Sheng,
杨博,
